cid,cas,name,group,Volume,Volume publication year,Evaluation year,Additional information
,,"Aloe vera, whole leaf extract",2B,108,2016,2013.0,
,,Clonorchis sinensis (infection with),1,"61, 100B",2012,2009.0,
,,"Fusarium graminearum, F. culmorum, and F. crookwellense, toxins derived from (zearalenone, deoxynivalenol, nivalenol, and fusarenone X)",3,"Sup 7, 56",1993,1992.0,
,,"Fusarium sporotrichioides, toxins derived from (T-2 toxin)",3,56,1993,1992.0,
,,Helicobacter pylori (infection with),1,"61, 100B",2012,2009.0,
,,Microcystis extracts,3,94,2010,2006.0,
,,Opisthorchis felineus (infection with),3,61,1994,1994.0,
,,Opisthorchis viverrini (infection with),1,"61, 100B",2012,2009.0,
,,Schistosoma haematobium (infection with),1,"61, 100B",2012,2009.0,
,,Schistosoma japonicum (infection with),2B,61,1994,1994.0,
,,Schistosoma mansoni (infection with),3,61,1994,1994.0,
,,"Acheson process, occupational exposure associated with",1,111,2017,2014.0,
,,"Acid mists, strong inorganic",1,"54, 100F",2012,2009.0,
,,Acrylic fibres,3,"19, Sup 7",1987,1987.0,
,,Acrylonitrile-butadiene-styrene copolymers,3,"19, Sup 7",1987,1987.0,
,,Alcoholic beverages,1,"44, 96, 100E",2012,2009.0,
,,Alpha particles (see Radionuclides),,,,,
,,Aluminium production,1,"34, Sup 7, 92, 100F",2012,2009.0,
,,"Anaesthetics, volatile",3,"11, Sup 7",1987,1987.0,
,,Androgenic (anabolic) steroids,2A,Sup 7,1987,1987.0,
,,Areca nut,1,"85, 100E",2012,2009.0,
2230,,Arecoline,2B,128,2021 online,2020.0,
,,"Art glass, glass containers and pressed ware (manufacture of)",2A,58,1993,1993.0,
,,Auramine production,1,"Sup 7, 99, 100F",2012,2009.0,
,,BK polyomavirus (BKV),2B,104,2014,2012.0,
,,"Benzidine, dyes metabolized to",1,"99, 100F",2012,2009.0,NB Overall evaluation upgraded to Group 1 based on mechanistic and other relevant data
,,Beta particles (see Radionuclides),,,,,
,,Betel quid with tobacco,1,"Sup 7, 85, 100E",2012,2009.0,
,,Betel quid without tobacco,1,"Sup 7, 85, 100E",2012,2009.0,
,,"Biomass fuel (primarily wood), indoor emissions from household combustion of",2A,95,2010,2006.0,
,,Bisulfites,3,54,1992,1991.0,
,,"Bitumens, occupational exposure to hard bitumens and their emissions during mastic asphalt work",2B,103,2013,2011.0,
,,"Boot and shoe manufacture and repair (see Leather dust, Benzene)",,"25, Sup 7",1987,1987.0,
,,Bracken fern,2B,"40, Sup 7",1987,1987.0,
,,Calcium carbide production,3,92,2010,2005.0,
,,Carbon electrode manufacture,2A,92,2010,2005.0,
,,Carpentry and joinery,2B,"25, Sup 7",1987,1987.0,
,,Ceramic implants,3,74,1999,1999.0,
,,Chimney sweeping (see Soot),,92,2010,2005.0,
,,Chlorinated drinking-water,3,52,1991,1990.0,
,,Chlorinated paraffins of average carbon chain length C12 and average degree of chlorination approximately 60%,2B,48,1990,1989.0,
,,Chlorophenols (see Polychlorophenols),,,,,
,,Chlorophenoxy herbicides,2B,"41, Sup 7",1987,1987.0,
,,Coal dust,3,68,1997,1996.0,
,,Coal gasification,1,"Sup 7, 92, 100F",2012,2009.0,
,,"Coal, indoor emissions from household combustion of",1,"95, 100E",2012,2009.0,
,,"Cobalt and cobalt compounds, see Soluble cobalt(II) salts, Cobalt metal (without tungsten carbide or other metal alloys), Cobalt(II) oxide, Cobalt(II,III) oxide, Cobalt(II) sulfide, and Other cobalt(II) compounds (not including Soluble cobalt(II) salts, Cobalt(II) oxide, Cobalt(II,III) oxide, or Cobalt(II) sulfide)",,,,,
,,"Cobalt metal without tungsten carbide, see Cobalt metal (without tungsten carbide or other metal alloys)",,,,,
,,"Cobalt sulfate and other soluble cobalt(II) salts, see Soluble cobalt(II) salts",,,,,
,,"Coffee, drinking",3,"51, 116",2018 online,2016.0,"NB There is ""evidence suggesting lack of carcinogenicity"" in humans of coffee drinking for cancers of the pancreas, liver, female breast, uterine endometrium, and prostate.  Inverse associations with coffee drinking have been observed with cancers of the liver and uterine endometrium."
,,Coke production,1,"Sup 7, 92, 100F",2012,2009.0,
,,Continuous glass filament (see Glass filament),,,,,
,,Dental materials,3,74,1999,1999.0,
,,"Depleted uranium (see Radionuclides, alpha-particle-emitting, internally deposited)",,,,,
,,"Diesel engine exhaust (see Engine exhaust, diesel)",,,,,
,,"Diesel fuel, marine",2B,45,1989,1988.0,NB Overall evaluation upgraded to Group 2B with supporting evidence from other relevant data
,,"Diesel fuels, distillate (light)",3,45,1989,1988.0,
,,Dry cleaning (occupational exposures in),2B,63,1995,1995.0,
,,"Dyes metabolized to benzidine (see Benzidine, dyes metabolized to)",,,,,
,,"Electric fields, extremely low-frequency",3,80,2002,2001.0,
,,"Electric fields, static",3,80,2002,2001.0,
,,"Engine exhaust, diesel",1,"46, 105",2014,2012.0,
,,"Engine exhaust, gasoline",2B,"46, 105",2014,2012.0,
,,Epstein-Barr virus,1,"70, 100B",2012,2009.0,
,,"Estrogen therapy, postmenopausal",1,"72, 100A",2012,2008.0,"NB There is ""evidence suggesting lack of carcinogenicity"" for estrogen-only menopausal therapy in humans and  cancer of the  colorectum. An inverse association has been observed between estrogen-only menopausal therapy and cancer  of the colorectum."
,,Estrogen-progestogen menopausal therapy (combined),1,"72, 91, 100A",2012,2008.0,
,,Estrogen-progestogen oral contraceptives (combined),1,"72, 91, 100A",2012,2008.0,"NB There is ""evidence suggesting lack of carcinogenicity"" for combined estrogen-progestogen oral  contraceptives in humans and cancers of the endometrium, ovary, and colorectum. An inverse association has been  observed between combined estrogen-progestogen oral contraceptives and cancers of the endometrium, ovary, and colorectum."
,,Firefighter (occupational exposure as a),1,"98, 132",2023 online,2022.0,
,,"Fission products, including strontium-90",1,100D,2012,2009.0,
,,Flat-glass and specialty glass (manufacture of),3,58,1993,1993.0,
,,Fluorescent lighting,3,55,1992,1992.0,
,,Fluoro-edenite fibrous amphibole,1,111,2017,2014.0,
,,"Foreign  bodies (see Ceramic implants, Dental materials, Implanted foreign bodies, Metallic implants, Organic polymeric materials, Orthopaedic implants, Polymeric implants, Silicone breast implants)",,,,,
,,"Frying, emissions from high-temperature",2A,95,2010,2006.0,
,,"Fuel oils, distillate (light)",3,45,1989,1988.0,
,,"Fuel oils, residual (heavy)",2B,45,1989,1988.0,
,,Furniture and cabinet making (see Wood dust),,"25, Sup 7",1987,1987.0,
,,Gamma-Radiation (see X- and Gamma-Radiation),,,,,
,,Gasoline (see also Gasoline engine exhaust),2B,45,1989,1988.0,NB Overall evaluation upgraded to Group 2B with supporting evidence from other relevant data
,,"Gasoline engine exhaust (see Engine exhaust, gasoline)",,,,,
,,"Glass filament, continuous",3,"43, 81",2002,2001.0,
,,Goldenseal root powder,2B,108,2016,2013.0,
,,Haematite mining (underground),1,"1, Sup 7, 100D",2012,2009.0,
,,Hair colouring products (personal use of),3,"57, 99",2010,2008.0,
,,Hairdresser or barber (occupational exposure as a),2A,"57, 99",2010,2008.0,
,,Hepatitis B virus (chronic infection with),1,"59, 100B",2012,2009.0,
,,Hepatitis C virus (chronic infection with),1,"59, 100B",2012,2009.0,
,,Hepatitis D virus,3,59,1994,1993.0,
727,,Hexachlorocyclohexanes,2B,"20, Sup 7",1987,1987.0,
,,High-temperature frying (see Frying),,,,,
,,"Household combustion of biomass fuel (see Biomass fuel, indoor emissions from household combustion of)",,,,,
,,"Household combustion of coal (see Coal, indoor emissions from household combustion)",,,,,
,,Human T-cell lymphotropic virus type I,1,"67, 100B",2012,2009.0,
,,Human T-cell lymphotropic virus type II,3,67,1996,1996.0,
,,Human herpesvirus type 4 (see Epstein-Barr virus),,,,,
,,Human herpesvirus type 8 (see Kaposi sarcoma herpesvirus),,,,,
,,Human immunodeficiency virus type 1 (infection with),1,"67, 100B",2012,2009.0,
,,Human immunodeficiency virus type 2 (infection with),2B,67,1996,1996.0,
,,Human papillomavirus (HPV) genus beta (except types 5 and 8) and genus gamma,3,"90, 100B",2012,2009.0,
,,Human papillomavirus (HPV) type 16,1,"64, 90, 100B",2012,2009.0,NB The HPV types that have been classified as carcinogenic to humans can differ by an order of  magnitude in risk for cervical cancer
,,Human papillomavirus (HPV) type 18,1,"64, 90, 100B",2012,2009.0,NB The HPV types that have been classified as carcinogenic to humans can differ by an order of  magnitude in risk for cervical cancer
,,Human papillomavirus (HPV) type 33,1,"64, 90, 100B",2012,2009.0,NB The HPV types that have been classified as carcinogenic to humans can differ by an order of  magnitude in risk for cervical cancer
,,Human papillomavirus (HPV) type 68,2A,100B,2012,2009.0,
,,"Human papillomavirus (HPV) types 31, 35, 39, 45, 51, 52, 56, 58, 59",1,"64, 90, 100B",2012,2009.0,NB The HPV types that have been classified as carcinogenic to humans can differ by an order of magnitude in risk for cervical cancer
,,"Human papillomavirus (HPV) types 26, 53, 66, 67, 70, 73, 82",2B,100B,2012,2009.0,
,,"Human papillomavirus (HPV) types 30, 34, 69, 85, 97",2B,100B,2012,2009.0,NB Classified by phylogenetic analogy to the HPV genus alpha types classified in Group 1
,,Human papillomavirus (HPV) types 5 and 8 (in patients with epidermodysplasia verruciformis),2B,100B,2012,2009.0,
,,Human papillomavirus (HPV) types 6 and 11,3,"90, 100B",2012,2009.0,
,,Hypochlorite salts,3,52,1991,1990.0,
,,"Implanted foreign bodies of metallic chromium or titanium and of cobalt-based, chromium-based, and titanium-based alloys, and stainless steel",3,74,1999,1999.0,
,,"Implanted foreign bodies of metallic cobalt, metallic nickel and an alloy powder containing 66-67% nickel, 13-16% chromium, and 7% iron",2B,74,1999,1999.0,
,,Insulation glass wool,3,"43, 81",2002,2001.0,
,,"Involuntary smoking (see Tobacco smoke, second-hand)",,,,,
,,Ionizing radiation (all types),1,100D,2012,2009.0,
,,Iron and steel founding (occupational exposure during),1,"34, Sup 7, 100F",2012,2009.0,
,,Isopropyl alcohol manufacture using strong acids,1,"Sup 7, 100F",2012,2009.0,
,,Isopropyl oils,3,"15, Sup 7, 71",1999,1998.0,
,,JC polyomavirus (JCV),2B,104,2014,2012.0,
,,Jet fuel,3,45,1989,1988.0,
,,Kaposi sarcoma herpesvirus,1,"70, 100B",2012,2009.0,
,,"Lead compounds, inorganic",2A,"Sup 7, 87",2006,2004.0,
,,"Lead compounds, organic",3,"23, Sup 7, 87",2006,2004.0,"NB Organic lead compounds are metabolized at least in part, to ionic lead both in humans and animals. To the extent that ionic lead, generated from organic lead, is present in the body, it will be expected to exert the toxicities associated with inorganic lead"
,,Leather dust,1,100C,2012,2009.0,
,,Leather goods manufacture (see also Leather dust),3,"25, Sup 7",1987,1987.0,
,,Leather tanning and processing,3,"25, Sup 7",1987,1987.0,
,,Lumber and sawmill industries (including logging),3,"25, Sup 7",1987,1987.0,
,,MOPP and other combined chemotherapy including alkylating agents,1,"Sup 7, 100A",2012,2008.0,
,,Madder root (Rubia tinctorum),3,82,2002,2002.0,
,,Magenta production,1,"Sup 7, 57, 99, 100F",2012,2009.0,
,,"Magnetic fields, extremely low-frequency",2B,80,2002,2001.0,
,,"Magnetic fields, static",3,80,2002,2001.0,
,,Malaria (caused by infection with Plasmodium falciparum in holoendemic areas),2A,104,2014,2012.0,
,,"Mate, hot (see Very hot beverages)",,,,,
,,"Mate, not very hot (drinking)",3,"51, 116",2018 online,2016.0,
,,Merkel cell polyomavirus (MCV),2A,104,2014,2012.0,
,,Metabisulfites,3,54,1992,1991.0,
,,Metallic implants prepared as thin smooth films,2B,74,1999,1999.0,
,,Methylmercury compounds,2B,58,1993,1993.0,NB Evaluated as a group
,,"Mineral oils, highly-refined",3,"33, Sup 7",1987,2009.0,
,,"Mineral oils, untreated or mildly treated",1,"33, Sup 7, 100F",2012,2009.0,
,,Modacrylic fibres,3,"19, Sup 7",1987,1987.0,
,,Neutron radiation,1,"75, 100D",2012,2009.0,NB Overall evaluation upgraded to Group 1 with supporting evidence from other relevant data
,,Nickel compounds,1,"Sup 7, 49, 100C",2012,2009.0,
,,Nickel refining (see Nickel compounds),,11,1976,1976.0,
,,Night shift work,2A,"98, 124",2020 online,2019.0,NB Volume 98 evaluated shiftwork that involves circadian disruption
,,Nitrate or nitrite (ingested) under conditions that result in endogenous nitrosation,2A,94,2010,2006.0,
,,Non-arsenical insecticides (occupational exposures in spraying and application of),2A,53,1991,1990.0,
,,Oestrogen (see Estrogen),,,,,
,,Opium consumption,1,126,2021 online,2020.0,
,,"Oral contraceptives, combined estrogen-progestogen (see Estrogen-progestogen oral contraceptives)",,,,,
,,Organic polymeric materials,3,74,1999,1999.0,
,,Orthopaedic implants of complex composition and cardiac pacemakers,3,74,1999,1999.0,
,,"Other cobalt(II) compounds (not including Soluble cobalt(II) salts, Cobalt(II) oxide, Cobalt(II,III) oxide, and Cobalt(II) sulfide)",3,"52, 86, 131",2023 online,2022.0,
,,Outdoor air pollution,1,109,2016,2013.0,
,,"Outdoor air pollution, particulate matter in",1,109,2016,2013.0,
,,Oxymetholone (see Androgenic (anabolic) steroids),,,,,
,,Paint manufacture (occupational exposure in),3,47,1989,2009.0,
,,Painter (occupational exposure as a),1,"47, 98, 100F",2012,2009.0,
,,"Particulate matter in outdoor air pollution (see Outdoor air pollution, particulate matter in)",,,,,
,,Paving and roofing with coal-tar pitch (see Coal-tar pitch),,"35, Sup 7, 92, 100F",,,
73608879,,Pentavalent antimony,3,131,2023 online,2022.0,
,,Petroleum refining (occupational exposures in),2A,45,1989,1988.0,
,,Petroleum solvents,3,47,1989,1988.0,
,,"Phenacetin, analgesic mixtures containing",1,"Sup 7, 100A",2012,2008.0,
,,Pickled vegetables (traditional Asian),2B,56,1993,1992.0,
,,"Polychlorinated biphenyls, dioxin-like, with a Toxicity Equivalency Factor (TEF) according to WHO (PCBs 77, 81, 105, 114, 118, 123, 126, 156, 157, 167, 169, 189)",1,107,2016,2013.0,NB Overall evaluation upgraded to Group 1 with strong supporting evidence from other relevant data
,,"Polychlorinated dibenzo-para-dioxins (other than 2,3,7,8-tetrachlorodibenzo-para-dioxin)",3,69,1997,1997.0,
,,"Polychlorinated dibenzofurans (see 2,3,4,7,8-Pentachlorodibenzofuran)",3,69,1997,1997.0,
,,"Polychlorophenols and their sodium salts (mixed exposures) (see Pentachlorophenol; 2,4,6-Trichlorophenol)",2B,"53, 71",1999,1998.0,
,,Polymeric implant prepared as thin smooth films (with the exception of poly-glycolic acid),2B,74,1999,1999.0,
,,Printing inks,3,65,1996,1995.0,
,,Printing processes (occupational exposures in),2B,65,1996,1995.0,
,,Processed meat (consumption of),1,114,2018,2015.0,
,,Proflavine salts,3,"24, Sup 7",1987,1987.0,
,,Progestins (see also Progestogen-only contraceptives),2B,Sup 7,1987,1987.0,
,,Progestogen-only contraceptives,2B,72,1999,1998.0,
,,Pulp and paper manufacture,3,"25, Sup 7",1987,1987.0,
,,Radiofrequency electromagnetic fields,2B,102,2013,2011.0,
,,"Radioiodines, including iodine-131",1,"78, 100D",2012,2009.0,
,,"Radionuclides, alpha-particle-emitting, internally deposited",1,"78, 100D",2012,2009.0,NB Specific radionuclides for which there is sufficient or limited evidence in humans are also listed individually as Group 1 agents
,,"Radionuclides, beta-particle-emitting, internally deposited",1,"78, 100D",2012,2009.0,NB Specific radionuclides for which there is sufficient evidence in humans are also listed individually as Group 1 agents
,,Red meat (consumption of),2A,114,2018,2015.0,
,,Refractory ceramic fibres,2B,"43, 81",2002,2001.0,
,,Rock (stone) wool,3,"43, 81",2002,2001.0,
,,Rubber manufacturing industry,1,"28, Sup 7, 100F",2012,2009.0,
,,SV40 polyomavirus,3,104,2014,2012.0,
,,"Salted fish, Chinese-style",1,"56, 100E",2012,2009.0,
,,Silicone breast implants,3,74,1999,1999.0,
,,Slag wool,3,"43, 81",2002,2001.0,
,,"Solar radiation (see Ultraviolet radiation (wavelengths 100–400 nm, encompassing UVA, UVB, and UVC); Ultraviolet radiation from welding; and Ultraviolet-emitting tanning devices)",1,"55, 100D",2012,2009.0,
,,Soluble cobalt(II) salts,2A,"52, 86, 131",2023 online,2022.0,
,,Soot (as found in occupational exposure of chimney sweeps),1,"35, Sup 7, 92, 100F",2012,2009.0,
,,Special-purpose fibres such as E-glass and '475' glass fibres,2B,81,2002,2001.0,
1099,,Sulfites,3,54,1992,1991.0,
,,Sunlamps and sunbeds (see Ultraviolet-emitting tanning devices),,,,,
,,"Surgical implants (see Ceramic implants, Dental materials, Implanted foreign bodies, Metallic implants, Organic polymeric materials, Orthopaedic implants, Polymeric implants, Silicone breast implants)",,,,,
,,Tea,3,51,1991,1990.0,
,,Testosterone (see Androgenic (anabolic) steroids),,,,,
,,Tetrakis(hydroxymethyl)phosphonium salts,3,"48, 71",1999,1998.0,
,,Textile manufacturing industry (work in),2B,48,1990,1989.0,
,,"Tobacco smoke, second-hand",1,"83, 100E",2012,2009.0,
,,Tobacco smoking,1,"83, 100E",2012,2009.0,
,,"Tobacco, smokeless",1,"Sup 7, 89, 100E",2012,2009.0,
,,Toxins derived from certain Fusarium species (see Fusarium),,,,,
104894,,Trivalent antimony,2A,"47, 131",2023 online,2022.0,
,,"Ultraviolet radiation from welding (see Ultraviolet radiation (wavelengths 100–400 nm, encompassing UVA, UVB, and UVC); Ultraviolet-emitting tanning devices; and Solar radiation)",1,"100D*, 118**",2018 online,2017.0,*Volume 100D concluded that there is sufficient evidence for ocular melanoma in welders; **Volume  118 concluded that ultraviolet emissions from welding are carcinogenic to humans (Group 1; there is  sufficient evidence in humans for the carcinogenicity of ultraviolet radiation from welding)
,,"Ultraviolet radiation (wavelengths 100–400 nm, encompassing UVA, UVB, and UVC) (see Ultraviolet radiation from welding; Ultraviolet-emitting tanning devices; and Solar radiation)",1,"55, 100D",2012,2017.0,NB Overall evaluation upgraded to Group 1 based on mechanistic and other relevant data
,,"Ultraviolet-emitting tanning devices (see Ultraviolet radiation (wavelengths 100–400 nm, encompassing UVA, UVB, and UVC); Ultraviolet radiation from welding; and Solar radiation)",1,100D,2012,2009.0,
,,Urethane (see Ethyl carbamate),,,,,
,,Very hot beverages at above 65 °C (drinking),2A,116,2018 online,2016.0,
,,Weapons-grade tungsten (with nickel and cobalt) alloy,2B,131,2023 online,2022.0,
,,Welding fumes,1,"49, 118",2018 online,2017.0,
,,Wood dust,1,"62, 100C",2012,2009.0,
,,"Wood smoke (see Biomass fuel, indoor emissions from household combustion)",,,,,
,,X- and Gamma-Radiation,1,"75, 100D",2012,2009.0,
7474,100-00-5,4-Chloronitrobenzene,2B,"65, 123",2020 online,2018.0,
,100-17-4,para-Nitroanisole,2B,123,2020 online,2018.0,
7499,100-40-3,4-Vinylcyclohexene,2B,"Sup 7, 60",1994,1994.0,
7500,100-41-4,Ethylbenzene,2B,77,2000,2000.0,
7501,100-42-5,Styrene,2A,"60, 82, 121",2019,2018.0,
7526,100-75-4,N-Nitrosopiperidine,2B,"17, Sup 7",1987,1987.0,
,10043-66-0,Iodine-131 (see Radioiodines),,,,,
,10043-92-2,Radon-222 and its decay products,1,"43, 78, 100D",2012,2009.0,
5280389,10048-13-2,Sterigmatocystin,2B,"10, Sup 7",1987,1987.0,
441575,10048-32-5,Parasorbic acid,3,"10, Sup 7",1987,1987.0,
,10098-97-2,Strontium-90 (see Fission products),,,,,
,101-14-4,"4,4'-Methylenebis(2-chloroaniline) (MOCA)",1,"Sup 7, 57, 99, 100F",2012,2009.0,NB Overall evaluation upgraded to Group 1 based on mechanistic and other relevant data
2728,101-21-3,Chloropropham,3,"12, Sup 7",1987,1987.0,
7549,101-25-7,Dinitrosopentamethylenetetramine,3,"11, Sup 7",1987,1987.0,
,101-61-1,"Michler’s base [4,4´-methylenebis(N,N-dimethyl)­benzenamine]",2B,"27, Sup 7, 99",2010,2008.0,
7570,101-68-8,"4,4'-Methylenediphenyl diisocyanate",3,"19, Sup 7, 71",1999,1998.0,
7577,101-77-9,"4,4'-Methylenedianiline",2B,"39, Sup 7",1987,1987.0,
7579,101-80-4,"4,4'-Diaminodiphenyl ether",2B,"29, Sup 7",1987,1987.0,
7586,101-90-6,Diglycidyl resorcinol ether,2B,"36, Sup 7, 71",1999,1998.0,
445434,101043-37-2,Microcystin-LR,2B,94,2010,2006.0,
7610,102-50-1,meta-Cresidine,3,"27, Sup 7",1987,1987.0,
7618,102-71-6,Triethanolamine,3,77,2000,2000.0,
61002,103-03-7,Phenicarbazide,3,"12, Sup 7",1987,1987.0,
7636,103-11-7,2-Ethylhexyl acrylate,2B,"60, 122",2019,2018.0,
7641,103-23-1,Di(2-ethylhexyl) adipate,3,"Sup 7, 77",2000,2000.0,
2272,103-33-3,Azobenzene,3,"8, Sup 7",1987,1987.0,
,103-90-2,Acetaminophen (see Paracetamol),,,,,
,103-90-2,Paracetamol (Acetaminophen),3,"50, 73",1999,1998.0,
3032555,10380-28-6,Copper 8-hydroxyquinoline,3,"15, Sup 7",1987,1987.0,
7732,104-94-9,para-Anisidine,3,"27, Sup 7",1987,1987.0,
7737,105-11-3,para-Benzoquinone dioxime,3,"29, Sup 7, 71",1999,1998.0,
2735009,105-55-5,"N,N'-Diethylthiourea",3,79,2001,2000.0,
7768,105-60-2,Caprolactam,3,"39, Sup 7, 71",1999,1998.0,Moved to Group 3 following 2019 update to the IARC Monographs Preamble
7773,105-74-8,Lauroyl peroxide,3,"36, Sup 7, 71",1999,1998.0,
2733526,10540-29-1,Tamoxifen,1,"66, 100A",2012,2008.0,"NB There is ""evidence suggesting lack of carcinogenicity"" for tamoxifen in humans and  cancer of the female breast. An inverse association has been observed between tamoxifen and  cancer of the female breast."
,105650-23-5,"PhIP (2-Amino-1-methyl-6-phenylimidazo[4,5-b]pyridine)",2B,56,1993,1992.0,
60018,105735-71-5,"3,7-Dinitrofluoranthene",2B,"46, 65, 105",2014,2012.0,
25418,10595-95-6,N-Nitrosomethylethylamine,2B,"17, Sup 7",1987,1987.0,
25423,10599-90-3,Chloramine,3,84,2004,2002.0,
4685,106-46-7,para-Dichlorobenzene,2B,"Sup 7, 73",1999,1998.0,
7812,106-47-8,para-Chloroaniline,2B,57,1993,1992.0,
7814,106-50-3,para-Phenylenediamine,3,"16, Sup 7",1987,1987.0,
4650,106-51-4,para-Quinone,3,"15, Sup 7, 71",1999,1998.0,
7833,106-87-6,4-Vinylcyclohexene diepoxide,2B,"Sup 7, 60",1994,1994.0,
7834,106-88-7,"1,2-Epoxybutane",2B,"47, 71",1999,1998.0,NB Overall evaluation upgraded to Group 2B with supporting evidence from other relevant data
7835,106-89-8,Epichlorohydrin,2A,"11, Sup 7, 71",1999,1998.0,NB Overall evaluation upgraded to Group 2A with supporting evidence from other relevant data
7837,106-91-2,Glycidyl methacrylate,2A,125,2020 online,2019.0,
7839,106-93-4,Ethylene dibromide,2A,"15, Sup 7, 71",1999,1998.0,NB Overall evaluation upgraded to Group 2A with supporting evidence from other relevant data
7840,106-94-5,1-Bromopropane,2B,115,2018,2016.0,
7845,106-99-0,"1,3-Butadiene",1,"Sup 7, 54, 71, 97, 100F",2012,2009.0,
7847,107-02-8,Acrolein,2A,"63, Sup 7, 128",2021 online,2020.0,
7850,107-05-1,Allyl chloride,3,"36, Sup 7, 71, 125",2020 online,2019.0,
11,107-06-2,"1,2-Dichloroethane",2B,"20, Sup 7, 71",1999,1998.0,
7855,107-13-1,Acrylonitrile,2B,71,1999,1998.0,
7856,107-14-2,Chloroacetonitrile,3,"52, 71",1999,1998.0,
,107-30-2,Chloromethyl methyl ether (see Bis(chloromethyl)ether; chloromethyl methyl ether),,,,,
3496,1071-83-6,Glyphosate,2A,112,2017,2015.0,
14074,1072-52-2,2-(1-Aziridinyl)ethanol,3,"9, Sup 7",1987,1987.0,
7904,108-05-4,Vinyl acetate,2B,"Sup 7, 63",1995,1995.0,
7909,108-10-1,Methyl isobutyl ketone,2B,101,2013,2011.0,
7922,108-30-5,Succinic anhydride,3,"15, Sup 7",1987,1987.0,
7935,108-45-2,meta-Phenylenediamine,3,"16, Sup 7",1987,1987.0,
5054,108-46-3,Resorcinol,3,"15, Sup 7, 71",1999,1998.0,
7944,108-60-1,Bis(2-chloro-1-methylethyl)ether,3,"41, Sup 7, 71",1999,1998.0,
7955,108-78-1,Melamine,2B,"Sup 7, 73, 119",2019,2017.0,
1140,108-88-3,Toluene,3,"47, 71",1999,1998.0,
7967,108-94-1,Cyclohexanone,3,"47, 71",1999,1998.0,
996,108-95-2,Phenol,3,"47, 71",1999,1998.0,
,108-99-6,β-Picoline,3,122,2019,2018.0,
8006,109-70-6,1-Bromo-3-chloropropane,2B,125,2020 online,2019.0,
8028,109-99-9,Tetrahydrofuran,2B,119,2019,2017.0,
8029,110-00-9,Furan,2B,63,1995,1995.0,
642197,110-57-6,"trans-1,4-Dichlorobutene",3,"15, Sup 7, 71",1999,1998.0,
1049,110-86-1,Pyridine,2B,"77, 119",2019,2017.0,
8083,110-91-8,Morpholine,3,"47, 71",1999,1998.0,
5460769,11056-06-7,Bleomycins,2B,"26, Sup 7",1987,1987.0,NB Overall evaluation upgraded to Group 2B with supporting evidence from other relevant data
8113,111-42-2,Diethanolamine,2B,"77, 101",2013,2011.0,
8115,111-44-4,Bis(2-chloroethyl)ether,3,"9, Sup 7, 71",1999,1998.0,
8133,111-76-2,2-Butoxyethanol,3,88,2006,2004.0,
4829,111025-46-8,Pioglitazone,2A,108,2016,2013.0,
130669,111189-32-3,"Naphtho[1,2-b]fluoranthene",3,92,2010,2005.0,
14223,1116-54-7,N-Nitrosodiethanolamine,2B,"17, Sup 7, 77",2000,2000.0,
14264,1120-71-4,"1,3-Propane sultone",2A,"4, Sup 7, 71, 110",2017,2014.0,NB Overall evaluation upgraded to Group 2A with supporting evidence from other relevant data
2202,1143-38-0,Dithranol,3,"13, Sup 7",1987,1987.0,
460129,115-02-6,Azaserine,2B,"10, Sup 7",1987,1987.0,
8252,115-07-1,Propylene,3,"Sup 7, 60",1994,1994.0,
8266,115-28-6,Chlorendic acid,2B,48,1990,1989.0,
8268,115-32-2,Dicofol,3,"30, Sup 7",1987,1987.0,
8295,115-96-8,Tris(2-chloroethyl) phosphate,3,"48, 71",1999,1998.0,
9570071,116-06-3,Aldicarb,3,53,1991,1990.0,
8301,116-14-3,Tetrafluoroethylene,2A,"19, Sup 7, 71, 110",2017,2014.0,NB Overall evaluation upgraded to Group 2A on the basis of sufficient evidence in experimental animals with a striking and atypical pattern of tumours
14410,1163-19-5,Decabromodiphenyl oxide,3,"48, 71",1999,1998.0,
,116355-83-0,"Fusarium moniliforme, toxins derived from (fumonisin B1, fumonisin B2, and fusarin C)",2B,56,1993,1992.0,
2733487,116355-83-0,Fumonisin B1,2B,82,2002,2002.0,
,117-10-2,"Dantron (Chrysazin; 1,8-Dihydroxyanthraquinone)",2B,50,1990,1989.0,
5280343,117-39-5,Quercetin,3,"Sup 7, 73",1999,1998.0,
8341,117-79-3,2-Aminoanthraquinone,3,"27, Sup 7",1987,1987.0,
,117-81-7,Bis(2-ethylhexyl) phthalate (see Di(2-ethylhexyl) phthalate),,,,,
8343,117-81-7,Di(2-ethylhexyl)phthalate,2B,"Sup 7, 77, 101",2013,2011.0,
8370,118-74-1,Hexachlorobenzene,2B,"Sup 7, 79",2001,2000.0,
227,118-92-3,Anthranilic acid,3,"16, Sup 7",1987,1987.0,
8376,118-96-7,"2,4,6-Trinitrotoluene",3,65,1996,1995.0,
,118399-22-7,Nodularins,3,94,2010,2006.0,
3417419,119-34-6,4-Amino-2-nitrophenol,3,"16, Sup 7",1987,1987.0,
3102,119-61-9,Benzophenone,2B,101,2013,2011.0,
,119-90-4,"3,3'-Dimethoxybenzidine (ortho-Dianisidine)",2B,"4, Sup 7",1987,1987.0,
,119-93-7,"3,3'-Dimethylbenzidine (ortho-Tolidine)",2B,"1, Sup 7",1987,1987.0,
8418,120-12-7,Anthracene,2B,"92, Sup 7, 133",In prep.,2023.0,
637796,120-58-1,Isosafrole,3,"10, Sup 7",1987,1987.0,
8445,120-71-8,para-Cresidine,2B,"27, Sup 7",1987,1987.0,
289,120-80-9,Catechol,2B,"15, Sup 7, 71",1999,1998.0,
,12001-79-5,Vitamin K substances,3,76,2000,1999.0,
,"12070-12-1, 7440-48-4",Tungsten carbide with cobalt metal (see Cobalt metal with tungsten carbide),,,,,
8461,121-14-2,"2,4-Dinitrotoluene",2B,65,1996,1995.0,
8486,121-66-4,2-Amino-5-nitrothiazole,3,"31, Sup 7",1987,1987.0,
949,121-69-7,"N,N-Dimethylaniline",3,57,1993,1992.0,
8489,121-73-3,3-Chloronitrobenzene,3,65,1996,1995.0,
4004,121-75-5,Malathion,2A,"30, Sup 7, 112",2017,2015.0,
4984721,121-88-0,2-Amino-5-nitrophenol,3,57,1993,1992.0,
5284484,12122-67-7,Zineb,3,"12, Sup 7",1987,1987.0,
,12174-11-7,Attapulgite (see Palygorskite),,,,,
,12174-11-7,"Palygorskite (Attapulgite) (long fibres, > 5 micrometres)",2B,68,1997,1996.0,
,12174-11-7,"Palygorskite (Attapulgite)(short fibres, < 5 micrometres)",3,68,1997,1996.0,
454937,12192-57-3,Aurothioglucose,3,"13, Sup 7",1987,1987.0,
5216,122-34-9,Simazine,3,"53, 73",1999,1998.0,
11487,122-39-4,Diphenylamine,2B,130,2022 online,2021.0,
24685,122-42-9,Propham,3,"12, Sup 7",1987,1987.0,
31217,122-60-1,Phenyl glycidyl ether,2B,"47, 71",1999,1998.0,
31222,122-66-7,"1,2-Diphenylhydrazine",2B,130,2022 online,2021.0,
77999,122320-73-4,Rosiglitazone,3,108,2016,2013.0,
785,123-31-9,Hydroquinone,3,"15, Sup 7, 71",1999,1998.0,
21954,123-33-1,Maleic hydrazide,3,"4, Sup 7",1987,1987.0,
,123-35-3,β-Myrcene,2B,119,2019,2017.0,
31275,123-91-1,"1,4-Dioxane",2B,"11, Sup 7, 71",1999,1998.0,
31296,124-48-1,Chlorodibromomethane,3,"52, 71",1999,1998.0,
8948,124-58-3,Methylarsonic acid,2B,100C,2012,2009.0,
,124-58-3,Monomethylarsonic acid (see Methylarsonic acid),,,,,
3032581,12427-38-2,Maneb,3,"12, Sup 7",1987,1987.0,
4909,125-33-7,Primidone,2B,108,2016,2013.0,
441140,126-07-8,Griseofulvin,2B,"Sup 7, 79",2001,2000.0,
31356,126-72-7,"Tris(2,3-dibromopropyl) phosphate",2A,"20, Sup 7, 71",1999,1998.0,NB Overall evaluation upgraded to Group 2A with supporting evidence from other relevant data
9335,126-85-2,Nitrogen mustard N-oxide,2B,"9, Sup 7",1987,1987.0,
31369,126-99-8,Chloroprene,2B,"Sup 7, 71",1999,1998.0,
57134655,12663-46-6,Cyclochlorotine,3,"10, Sup 7",1987,1987.0,
3657,127-07-1,Hydroxyurea,3,76,2000,1999.0,
,127-18-4,Tetrachloroethylene (Perchloroethylene),2A,"Sup 7, 63, 106",2014,2012.0,
31374,127-19-5,"N,N-Dimethylacetamide",2B,123,2020 online,2018.0,
,127-69-5,Sulfafurazole (Sulfisoxazole),3,"24, Sup 7",1987,1987.0,
,128-37-0,Butylated hydroxytoluene (BHT),3,"40, Sup 7",1987,1987.0,
31412,128-66-5,Vat Yellow 4,3,48,1990,1989.0,
31423,129-00-0,Pyrene,3,"Sup 7, 92",2010,2005.0,
31426,129-15-7,2-Methyl-1-nitroanthraquinone (uncertain purity),2B,"27, Sup 7",1987,1987.0,
8507,129-17-9,Blue VRS,3,"16, Sup 7",1987,1987.0,
4641,129-20-4,Oxyphenbutazone,3,"13, Sup 7",1987,1987.0,
8512,129-43-1,1-Hydroxyanthraquinone,2B,82,2002,2002.0,
,129-73-7,Leucomalachite green (see also Malachite green),2B,129,2022 online,2021.0,
,13010-47-4,1-(2-Chloroethyl)-3-cyclohexyl-1-nitrosourea (CCNU) (Lomustine),2A,"26, Sup 7",1987,1987.0,NB Overall evaluation upgraded to Group 2A with supporting evidence from other relevant data
,1303-00-0,Gallium arsenide (see Arsenic and inorganic arsenic compounds),,"86, 100C",2012,2009.0,
20189,13045-94-8,Medphalan,3,"9, Sup 7",1987,1987.0,
14786,1307-96-6,Cobalt(II) oxide,2B,"52, 131",2023 online,2022.0,
,1308-06-1,"Cobalt(II,III) oxide",3,"52, 131",2023 online,2022.0,
,1309-37-1,Ferric oxide,3,"1, Sup 7",1987,1987.0,
,1309-64-4,"Antimony trioxide, see Trivalent antimony",,,,,
8578,131-79-3,Yellow OB,3,"8, Sup 7",1987,1987.0,
14802,1313-27-5,Molybdenum trioxide,2B,118,2018 online,2017.0,
14814,1314-62-1,Vanadium pentoxide,2B,86,2006,2003.0,
14832,1317-42-6,Cobalt(II) sulfide,3,"52, 131",2023 online,2022.0,
14833,1317-60-8,Haematite,3,"1, Sup 7",1987,1987.0,
,1318-02-1,"Zeolites other than erionite (clinoptilolite, phillipsite,mordenite, non-fibrous Japanese zeolite, synthetic zeolites)",3,68,1997,1996.0,
23675735,132-27-4,Sodium ortho-phenylphenate,2B,"Sup 7, 73",1999,1998.0,
3023,132-65-0,Dibenzothiophene,3,103,2013,2011.0,
,13233-32-4,Radium-224 and its decay products,1,"78, 100D",2012,2009.0,
25811,13256-22-9,N-Nitrososarcosine,2B,"17, Sup 7",1987,1987.0,
135398735,13292-46-1,Rifampicin,3,"24, Sup 7",1987,1987.0,
8606,133-06-2,Captan,3,"30, Sup 7",1987,1987.0,
,1330-20-7,Xylenes,3,"47, 71",1999,1998.0,
,"1332-21-4, 12172-73-5, 12001-29-5, 12001-28-4","Asbestos (all forms, including actinolite, amosite, anthophyllite, chrysotile, crocidolite, tremolite)",1,"14, Sup 7, 100C",2012,2009.0,NB Mineral substances (e.g. talc or vermiculite) that contain asbestos should also be regarded as carcinogenic to humans *The presence of an asterisk indicates that the registration is for a substance which CAS does not treat in its regular CA index
5462310,1333-86-4,Carbon black,2B,"Sup 7, 65, 93",2010,2006.0,
,1336-36-3,Polychlorinated biphenyls,1,"18, Sup 7, 107",2016,2013.0,
,1338-16-5,Iron sorbitol-citric acid complex,3,"2, Sup 7",1987,1987.0,
,134-29-2,ortho-Anisidine hydrochloride (see also ortho-Anisidine),2A,127,2021 online,2020.0,
8640,134-32-7,1-Naphthylamine,3,"4, Sup 7",1987,1987.0,
,1345-04-6,"Antimony trisulfide, see Trivalent antimony",,,,,
26042,13463-67-7,Titanium dioxide,2B,"47, 93",2010,2006.0,
61632,13483-18-6,"1,2-Bis(chloromethoxy)ethane",3,"15, Sup 7, 71",1999,1998.0,
135465076,135-20-6,Cupferron,2B,127,2021 online,2020.0,
8679,135-88-6,N-Phenyl-2-naphthylamine,3,"16, Sup 7",1987,1987.0,
8691,136-40-3,Phenazopyridine hydrochloride,2B,"24, Sup 7",1987,1987.0,
8717,137-17-7,"2,4,5-Trimethylaniline",3,"27, Sup 7",1987,1987.0,
5455,137-26-8,Thiram,3,"Sup 7, 53",1991,1990.0,
8722,137-30-4,Ziram,3,"Sup 7, 53",1991,1990.0,
8742,138-59-0,Shikimic acid,3,"40, Sup 7",1987,1987.0,
,139-05-9,Cyclamates (sodium cyclamate),3,"Sup 7, 73",1999,1998.0,
,139-13-9,Nitrilotriacetic acid and its salts,2B,"48, 73",1999,1998.0,NB Evaluated as a group
8765,139-65-1,"4,4'-Thiodianiline",2B,"27, Sup 7",1987,1987.0,
8776,139-94-6,Nithiazide,3,"31, Sup 7",1987,1987.0,
,13909-09-6,1-(2-Chloroethyl)-3-(4-methylcyclohexyl)-1-nitrosourea (Methyl-CCNU) (Semustine),1,"Sup 7, 100A",2012,2008.0,
,13982-63-3,Radium-226 and its decay products,1,"78, 100D",2012,2009.0,
,13983-17-0,Wollastonite,3,"Sup 7, 68",1997,1996.0,
8785,140-11-4,Benzyl acetate,3,"40, Sup 7, 71",1999,1998.0,
23668198,140-56-7,para-Dimethylaminoazobenzenediazo sodium sulfonate,3,"8, Sup 7",1987,1987.0,
,140-57-8,Aramite®,2B,"5, Sup 7",1987,1987.0,
8821,140-88-5,Ethyl acrylate,2B,"39, Sup 7, 71, 122",2019,2018.0,
16133892,1401-55-4,Tannic acid and tannins,3,"10, Sup 7",1987,1987.0,
,1402-68-2,Aflatoxins,1,"Sup 7, 56, 82, 100F",2012,2009.0,
,14047-09-7,"3,3′,4,4′-Tetrachloroazobenzene",2A,117,2019,2016.0,NB Overall evaluation upgraded to Group 2A
8846,141-32-2,n-Butyl acrylate,3,"39, Sup 7, 71",1999,1998.0,
61094,141-37-7,"3,4-Epoxy-6-methylcyclohexylmethyl-3,4-epoxy-6-methylcyclo-hexanecarboxylate",3,"11, Sup 7, 71",1999,1998.0,
1269845,141-90-2,Thiouracil,2B,"Sup 7, 79",2001,2000.0,
,142-04-1,Aniline hydrochloride (see also Aniline),2A,127,2021 online,2020.0,
637564,142-83-6,"2,4-Hexadienal",2B,101,2013,2011.0,
299,143-50-0,Chlordecone (Kepone),2B,"20, Sup 7",1987,1987.0,
5388983,143-67-9,Vinblastine sulfate,3,"26, Sup 7",1987,1987.0,
8951,144-34-3,Methyl selenac,3,"12, Sup 7",1987,1987.0,
26710,14484-64-1,Ferbam,3,"12, Sup 7",1987,1987.0,
,14596-37-3,"Phosphorus-32, as phosphate",1,"78, 100D",2012,2009.0,
,1464-53-5,"1,2:3,4-Diepoxybutane (see 1,3-Butadiene)",,"11, Sup 7",,,
533728,148-18-5,Sodium diethyldithiocarbamate,3,"12, Sup 7",1987,1987.0,
1923,148-24-3,8-Hydroxyquinoline,3,"13, Sup 7",1987,1987.0,
460612,148-82-3,Melphalan,1,"9, Sup 7, 100A",2012,2008.0,
,14807-96-6,Talc containing asbestiform fibres (see Asbestos),,"42, Sup 7",1987,1987.0,
,14807-96-6,Talc not containing asbestos or asbestiform fibres,3,"42, Sup 7, 93",2010,2006.0,
,14807-96-6,Talc-based body powder (perineal use of),2B,93,2010,2006.0,
,14808-60-7,"Silica dust, crystalline, in the form of quartz or cristobalite",1,"Sup 7, 68, 100C",2012,2009.0,
4696,149-29-1,Patulin,3,"40, Sup 7",1987,1987.0,
697993,149-30-4,2-Mercaptobenzothiazole,2A,115,2018,2016.0,
5459896,14901-08-7,Cycasin,2B,"10, Sup 7",1987,1987.0,
978,150-13-0,para-Aminobenzoic acid,3,"16, Sup 7",1987,1987.0,
8800,150-68-5,Monuron,3,"Sup 7, 53",1991,1990.0,
9013,150-69-6,Dulcin,3,"12, Sup 7",1987,1987.0,
11048,15086-94-9,Eosin,3,"15, Sup 7",1987,1987.0,
9033,151-56-4,Aziridine,2B,"9, Sup 7, 71",1999,1998.0,NB Overall evaluation upgraded to Group 2B with supporting evidence from other relevant data
,15262-20-1,Radium-228 and its decay products,1,"78, 100D",2012,2009.0,
,154-93-8,Bischloroethyl nitrosourea (BCNU) (Carmustine),2A,"26, Sup 7",1987,1987.0,
,15501-74-3,Sepiolite,3,"Sup 7, 68",1997,1996.0,
5281734,15503-86-3,Isatidine,3,"10, Sup 7",1987,1987.0,
9074,156-10-5,para-Nitrosodiphenylamine,3,"27, Sup 7",1987,1987.0,
61100,156-51-4,Phenelzine sulfate,3,"24, Sup 7",1987,1987.0,
,15625-89-5,"Trimethylolpropane triacrylate, technical grade",2B,122,2019,2018.0,
5702198,15663-27-1,Cisplatin,2A,"26, Sup 7",1987,1987.0,NB Overall evaluation upgraded to Group 2A with supporting evidence from other relevant data
27465,15721-02-5,"2,2',5,5'-Tetrachlorobenzidine",3,"27, Sup 7",1987,1987.0,
5569,1582-09-8,Trifluralin,3,53,1991,1990.0,
,16065-83-1,Chromium (III) compounds,3,49,1990,1989.0,
,16071-86-6,"CI Direct Brown 95 (see Benzidine, dyes metabolized to)",,,,,
15374,1615-80-1,"1,2-Diethylhydrazine",2B,"4, Sup 7, 71",1999,1998.0,
15413,1634-04-4,Methyl tert-butyl ether,3,73,1999,1998.0,
,"16543-55-8, 64091-91-4",N'-Nitrosonornicotine (NNN) and 4-(N-Nitrosomethylamino)-1-(3-pyridyl)-1-butanone (NNK),1,"Sup 7, 89, 100E",2012,2009.0,NB Overall evaluation upgraded to Group 1 based on mechanistic and other relevant data
9548611,16568-02-8,Gyromitrin,3,"31, Sup 7",1987,1987.0,
,1675-54-3,Bisphenol A diglycidyl ether (Araldite),3,"47, 71",1999,1998.0,
15529,1689-82-3,4-Hydroxyazobenzene,3,"8, Sup 7",1987,1987.0,
5284479,1694-09-3,Benzyl violet 4B,2B,"16, Sup 7",1987,1987.0,
,16984-48-8,"Fluorides (inorganic, used in drinking-water)",3,"27, Sup 7",1987,1987.0,
15564,1705-85-7,6-Methylchrysene,3,"Sup 7, 92",2010,2005.0,
15565,1706-01-0,3-Methylfluoranthene,3,"Sup 7, 92",2010,2005.0,
2825690,17117-34-9,3-Nitrobenzanthrone,2B,105,2014,2012.0,NB Overall evaluation upgraded to Group 2B with supporting evidence from other relevant data
,1746-01-6,"2,3,7,8-Tetrachlorodibenzo-para-dioxin",1,"Sup 7, 69, 100F",2012,2009.0,
,1763-23-1,Perfluorooctanesulfonic acid (PFOS),2B,135,In prep.,2023.0,
,1836-75-5,Nitrofen (technical-grade),2B,"30, Sup 7",1987,1987.0,
,18540-29-9,Chromium (VI) compounds,1,"Sup 7, 49, 100C",2012,2009.0,
29327,18883-66-4,Streptozotocin,2B,"17, Sup 7",1987,1987.0,
9106,189-55-9,"Dibenzo[a,i]pyrene",2B,92,2010,2005.0,
9108,189-64-0,"Dibenzo[a,h]pyrene",2B,"Sup 7, 92",2010,2005.0,
15910,1897-45-6,Chlorothalonil,2B,"Sup 7, 73",1999,1998.0,
9115,191-07-1,Coronene,3,"32, Sup 7, 92",2010,2005.0,
9117,191-24-2,Benzo[ghi]perylene,3,"92, Sup 7",2010,2005.0,
9118,191-26-4,Anthanthrene,3,"92, Sup 7",2010,2005.0,
9119,191-30-0,"Dibenzo[a,l]pyrene",2A,"Sup 7, 92",2010,2005.0,NB Overall evaluation upgraded to Group 2A with supporting evidence from other relevant data
2256,1912-24-9,Atrazine,3,"53, 73",1999,1998.0,NB Overall evaluation downgraded to Group 3 with supporting evidence from other relevant data
15965,2/1/1918,Picloram,3,53,1991,1990.0,
9121,192-47-2,"Dibenzo[h,rst]pentaphene",3,"Sup 7, 92",2010,2005.0,
9122,192-51-8,"Dibenzo[e,l]pyrene",3,92,2010,2005.0,
9126,192-65-4,"Dibenzo[a,e]pyrene",3,"Sup 7, 92",2010,2005.0,
9128,192-97-2,Benzo[e]pyrene,3,"92, Sup 7",2010,2005.0,
9129,193-09-9,"Naphtho[2,3-e]pyrene",3,92,2010,2005.0,
9131,193-39-5,"Indeno[1,2,3-cd]pyrene",2B,"Sup 7, 92",2010,2005.0,
16015,1936-15-8,CI Orange G,3,"8, Sup 7",1987,1987.0,
,1936-15-8,Orange G (see CI Orange G),,,,,
,1937-37-7,"CI Direct Black 38 (see Benzidine, dyes metabolized to)",,,,,
9134,194-59-2,"7H-Dibenzo[c,g]carbazole",2B,"32, Sup 7, 103",2013,2011.0,
9136,195-19-7,Benzo[c]phenanthrene,2B,"92, Sup 7",2010,2005.0,NB Overall evaluation upgraded to Group 2B with supporting evidence from other relevant data
16058,1954-28-5,Triethylene glycol diglycidyl ether,3,"11, Sup 7, 71",1999,1998.0,
9140,196-78-1,Benzo[g]chrysene,3,92,2010,2005.0,
9142,198-55-0,Perylene,3,"Sup 7, 92",2010,2005.0,
62739,20073-24-9,3-Carbethoxypsoralen,3,"40, Sup 7",1987,1987.0,
104987,202-33-5,Benz[j]aceanthrylene,2B,92,2010,2005.0,NB Overall evaluation upgraded to Group 2B with supporting mechanistic and other relevant data
164558,202-94-8,11H-Benz[bc]aceanthrylene,3,92,2010,2005.0,
67458,202-98-2,4H-Cyclopenta[def]chrysene,3,92,2010,2005.0,
30086,20268-51-3,7-Nitrobenz[a]anthracene,3,46,1989,1988.0,
9144,203-12-3,Benzo[ghi]fluoranthene,3,"92, Sup 7",2010,2005.0,
9145,203-20-3,"Naphtho[2,1-a]fluoranthene",3,92,2010,2005.0,
9146,203-33-8,Benzo[a]fluoranthene,3,"Sup 7, 92",2010,2005.0,
9150,205-12-9,Benzo[c]fluorene,3,"92, Sup 7",2010,2005.0,
9152,205-82-3,Benzo[j]fluoranthene,2B,92,2010,2005.0,
9153,205-99-2,Benzo[b]fluoranthene,2B,92,2010,2005.0,
62743,20589-63-3,3-Nitroperylene,3,46,1989,1988.0,
9154,206-44-0,Fluoranthene,3,"Sup 7, 92",2010,2005.0,
249332,2068-78-2,Vincristine sulfate,3,"26, Sup 7",1987,1987.0,
9158,207-08-9,Benzo[k]fluoranthene,2B,92,2010,2005.0,
9159,207-83-0,"13H-Dibenzo[a,g]fluorene",3,92,2010,2005.0,
2724385,20830-75-5,Digoxin,2B,108,2016,2013.0,
,20830-81-3,Daunomycin (Daunorubicin),2B,"10, Sup 7",1987,1987.0,
519829,20941-65-5,Ethyl tellurac,3,"12, Sup 7",1987,1987.0,
105092,211-91-6,Benz[l]aceanthrylene,3,92,2010,2005.0,
5284461,21259-20-1,T2-Trichothecene,3,"31, Sup 7",1987,1987.0,
9162,213-46-7,Picene,3,92,2010,2005.0,
9163,214-17-5,Benzo[b]chrysene,3,92,2010,2005.0,
9164,215-58-7,"Dibenz[a,c]anthracene",3,"Sup 7, 92",2010,2005.0,
16562,2164-17-2,Fluometuron,3,"30, Sup 7",1987,1987.0,
62432,2168-68-5,Bis(1-aziridinyl)morpholinophosphine sulfide,3,"9, Sup 7",1987,1987.0,
9170,217-59-4,Triphenylene,3,"Sup 7, 92",2010,2005.0,
9171,218-01-9,Chrysene,2B,92,2010,2005.0,
30840,21884-44-6,Luteoskyrin,3,"10, Sup 7",1987,1987.0,
5284462,22248-79-9,Tetrachlorvinphos,2B,"30, Sup 7, 112",2017,2015.0,
62758,22349-59-3,"1,4-Dimethylphenanthrene",3,"Sup 7, 92",2010,2005.0,
31170,22398-80-7,Indium phosphide,2A,86,2006,2003.0,NB Overall evaluation upgraded to Group 2A
9176,224-41-9,"Dibenz[a,j]anthracene",3,"Sup 7, 92",2010,2005.0,
9177,224-42-0,"Dibenz[a,j]acridine",2A,"32, Sup 7, 103",2013,2011.0,NB Overall evaluation upgraded to Group 2A with supporting evidence from other relevant data
9178,224-53-3,"Dibenz[c,h]acridine",2B,103,2013,2011.0,NB Overall evaluation upgraded to Group 2B with supporting evidence from other relevant data
16720,2243-62-1,"1,5-Naphthalenediamine",3,"27, Sup 7",1987,1987.0,
9180,225-11-6,Benz[a]acridine,3,"32, Sup 7, 103",2013,2011.0,
9181,225-51-4,Benz[c]acridine,3,"32, Sup 7, 103",2013,2011.0,
31186,22506-53-2,"3,9-Dinitrofluoranthene",2B,"46, 65, 105",2014,2012.0,
5281754,22571-95-5,Symphytine,3,"31, Sup 7",1987,1987.0,
9183,226-36-8,"Dibenz[a,h]acridine",2B,"32, Sup 7, 103",2013,2011.0,
134601,22839-47-0,Aspartame,2B,134,In prep.,2023.0,
31586,22966-79-6,Oestradiol mustard,3,"9, Sup 7",1987,1987.0,
62767,22975-76-4,"4,4'-Dimethylangelicin plus ultraviolet A radiation",3,Sup 7,1987,1987.0,
5284376,2303-16-4,Diallate,3,"30, Sup 7",1987,1987.0,
5281752,2318-18-5,Senkirkine,3,"31, Sup 7",1987,1987.0,
,23214-92-8,Adriamycin (Doxorubicin),2A,"10, Sup 7",1987,1987.0,NB Overall evaluation upgraded to Group 2A with supporting evidence from other relevant data
5281744,23246-96-0,Riddelliine,2B,"10, Sup 7, 82",2002,2002.0,
285666,23255-93-8,Hycanthone mesylate,3,"13, Sup 7",1987,1987.0,
16887,2353-45-9,Fast Green FCF,3,"16, Sup 7",1987,1987.0,
62769,23537-16-8,Rugulosin,3,"40, Sup 7",1987,1987.0,
23662398,23746-34-1,Potassium bis(2-hydroxyethyl)dithiocarbamate,3,"12, Sup 7",1987,1987.0,
9195,238-84-6,Benzo[a]fluorene,3,"Sup 7, 92",2010,2005.0,
16945,2385-85-5,Mirex,2B,"20, Sup 7",1987,1987.0,
61307,2386-90-5,"Bis(2,3-epoxycyclopentyl)ether",3,"47, 71",1999,1998.0,
9198,239-35-0,"Benzo[b]naphtho[2,1-d]thiophene",3,103,2013,2011.0,
17038,6/1/2425,Captafol,2A,53,1991,1990.0,NB Overall evaluation upgraded to Group 2A with supporting evidence from other relevant data
,2425-85-6,CI Pigment Red 3,3,57,1993,1992.0,
17049,8/6/2426,1-Butyl glycidyl ether,2B,125,2020 online,2019.0,
17059,2429-74-5,CI Direct Blue 15,2B,57,1993,1992.0,
9201,243-17-4,Benzo[b]fluorene,3,"92, Sup 7",2010,2005.0,
17083,2432-99-7,11-Aminoundecanoic acid,3,"39, Sup 7",1987,1987.0,
15868,24560-98-3,"cis-9,10-Epoxystearic acid",3,"11, Sup 7, 71",1999,1998.0,
17190,2475-45-8,Disperse Blue 1,2B,48,1990,1989.0,
,24938-64-5,para-Aramid fibrils,3,68,1997,1996.0,
,25013-15-4,Vinyl toluene,3,60,1994,1994.0,
,25013-16-5,Butylated hydroxyanisole (BHA),2B,"40, Sup 7",1987,1987.0,
,25038-54-4,Nylon 6,3,"19, Sup 7",1987,1987.0,
,25732-74-5,"Acepyrene (3,4-dihydrocyclopenta[cd]pyrene)",3,92,2010,2005.0,
3463,25812-30-0,Gemfibrozil,3,66,1996,1996.0,
,25962-77-0,"trans-2-[(Dimethylamino)methylimino]-5-[2-(5-nitro-2-furyl)-vinyl]-1,3,4-oxadiazole",2B,"7, Sup 7",1987,1987.0,
,2602-46-2,"CI Direct Blue 6 (see Benzidine, dyes metabolized to)",,,,,
,26148-68-5,"A-alpha-C (2-Amino-9H-pyrido[2,3-b]indole)",2B,"40, Sup 7",1987,1987.0,
9216,262-12-4,Dibenzo-para-dioxin,3,69,1997,1997.0,
33474,26308-28-1,Ripazepam,3,66,1996,1996.0,
,2646-17-5,Oil Orange SS,2B,"8, Sup 7",1987,1987.0,
,26471-62-5,Toluene diisocyanates,2B,"39, Sup 7, 71",1999,1998.0,
76957522,26782-43-4,Hydroxysenkirkine,3,"10, Sup 7",1987,1987.0,
9223,271-89-6,Benzofuran,2B,63,1995,1995.0,
33743,27208-37-3,Cyclopenta[cd]pyrene,2A,"Sup 7, 92",2010,2005.0,NB Overall evaluation upgraded to Group 2A with supporting evidence from other relevant data
439517,2757-90-6,Agaritine,3,"31, Sup 7",1987,1987.0,
17730,2783-94-0,Sunset Yellow FCF,3,"8, Sup 7",1987,1987.0,
17734,2784-94-3,HC Blue No. 1,2B,57,1993,1992.0,
17811,2832-40-8,Disperse Yellow 3,3,48,1990,1989.0,
17816,2835-39-4,Allyl isovalerate,3,"36, Sup 7, 71",1999,1998.0,
24832073,28407-37-6,CI Direct Blue 218,2B,129,2022 online,2021.0,
34239,28434-86-8,"3,3'-Dichloro-4,4'-diaminodiphenyl ether",2B,"16, Sup 7",1987,1987.0,
3465817,1/4/2871,HC Red No. 3,3,57,1993,1992.0,
34457,29069-24-7,Prednimustine,3,50,1990,1989.0,
135565414,29291-35-8,N-Nitrosofolic acid,3,"17, Sup 7",1987,1987.0,
4890,2955-38-6,Prazepam,3,66,1996,1996.0,
18096,10/6/2973,Diisopropyl sulfate,2B,"54, 71",1999,1998.0,
452548,29767-20-2,Teniposide,2A,76,2000,1999.0,NB Overall evaluation upgraded to Group 2A with supporting evidence from other relevant data
4130,298-00-0,Methyl parathion,3,"30, Sup 7",1987,1987.0,
,298-81-7,Methoxsalen (8-methoxypsoralen) plus ultraviolet A radiation,1,"24, Sup 7, 100A",2012,2008.0,
9882105,299-75-2,Treosulfan,1,"26, Sup 7, 100A",2012,2008.0,
3261,29975-16-4,Estazolam,3,66,1996,1996.0,
18177,3018-12-0,Dichloroacetonitrile,3,"52, 71",1999,1998.0,
9321,302-01-2,Hydrazine,2A,"4, Sup 7, 71, 115",2018,2016.0,
2707,302-17-0,Chloral hydrate,2A,"63, 84, 106",2014,2012.0,
5281735,303-34-4,Lasiocarpine,2B,"10, Sup 7",1987,1987.0,
442530,303-47-9,Ochratoxin A,2B,"Sup 7, 56",1993,1992.0,
61873,30310-80-6,N-Nitrosohydroxyproline,3,"17, Sup 7",1987,1987.0,
2708,305-03-3,Chlorambucil,1,"26, Sup 7, 100A",2012,2008.0,
,30516-87-1,Zidovudine (AZT),2B,76,2000,1999.0,
18303,3068-88-0,beta-Butyrolactone,2B,"11, Sup 7, 71",1999,1998.0,
,308068-56-6,"Carbon nanotubes, multiwalled MWCNT-7",2B,111,2017,2014.0,
,308068-56-6,"Carbon nanotubes, multiwalled, other than MWCNT-7",3,111,2017,2014.0,
,308068-56-6,"Carbon nanotubes, single-walled",3,111,2017,2014.0,
,308068-56-6,"Multiwalled carbon nanotubes MWCNT-7 (see Carbon nanotubes, multiwalled MWCNT-7)",,,,,
,308068-56-6,"Multiwalled carbon nanotubes other than MWCNT-7 (see Carbon nanotubes, multiwalled, other than MWCNT-7)",,,,,
,308068-56-6,"Single-walled carbon nanotubes (see Carbon nanotubes, single-walled)",,,,,
,308076-74-6,"Silicon carbide, fibrous",2B,111,2017,2014.0,
,309-00-2,"Aldrin (see Dieldrin, and aldrin metabolized to dieldrin)",,,,,
18386,3118-97-6,Sudan II,3,"8, Sup 7",1987,1987.0,
2236,313-67-7,Aristolochic acid,1,"82, 100A",2012,2008.0,NB Overall evaluation upgraded to Group 1 based on mechanistic and other relevant data
,313-67-7,"Aristolochic acid, plants containing",1,"82, 100A",2012,2008.0,
9409,314-13-6,Evans blue,3,"8, Sup 7",1987,1987.0,
9414,315-18-4,Zectran,3,"12, Sup 7",1987,1987.0,
9415,315-22-0,Monocrotaline,2B,"10, Sup 7",1987,1987.0,
18503,3173-72-6,"1,5-Naphthalene diisocyanate",3,"19, Sup 7, 71",1999,1998.0,
9444,320-67-2,Azacitidine,2A,50,1990,1989.0,NB Overall evaluation upgraded to Group 2A with supporting evidence from other relevant data
18617,3252-43-5,Dibromoacetonitrile,2B,"52, 71, 101",2013,2011.0,
18692,3296-90-0,"2,2-Bis(bromomethyl)propane-1,3-diol",2B,77,2000,2000.0,
689043,331-39-5,Caffeic acid,2B,56,1993,1992.0,
36383,33229-34-4,HC Blue No. 2,3,57,1993,1992.0,
3017,333-41-5,Diazinon,2A,112,2017,2015.0,NB Overall evaluation upgraded to Group 2A based on mechanistic evidence
9550,334-88-3,Diazomethane,3,"7, Sup 7",1987,1987.0,
36462,33419-42-0,Etoposide,1,"76, 100A",2012,2008.0,NB Overall evaluation upgraded to Group 1 based on mechanistic and other relevant data
56842162,"33419-42-0, 15663-27-1, 11056-06-7",Etoposide in combination with cisplatin and bleomycin,1,"76, 100A",2012,2008.0,
,335-67-1,Perfluorooctanoic acid (PFOA),1,"110, 135",In prep.,2023.0,
18779,3351-28-8,1-Methylchrysene,3,"Sup 7, 92",2010,2005.0,
18780,3351-30-2,4-Methylchrysene,3,"Sup 7, 92",2010,2005.0,
18781,3351-31-3,3-Methylchrysene,3,"Sup 7, 92",2010,2005.0,
18782,3351-32-4,2-Methylchrysene,3,"Sup 7, 92",2010,2005.0,
35702,33543-31-6,2-Methylfluoranthene,3,"Sup 7, 92",2010,2005.0,
19095,9/8/3564,Ponceau 3R,2B,"8, Sup 7",1987,1987.0,
19118,3567-69-9,Carmoisine,3,"8, Sup 7",1987,1987.0,
3607071,3570-75-0,2-(2-Formylhydrazino)-4-(5-nitro-2-furyl)thiazole,2B,"7, Sup 7",1987,1987.0,
9703,366-70-1,Procarbazine hydrochloride,2A,"26, Sup 7",1987,1987.0,NB Overall evaluation upgraded to Group 2A with supporting evidence from other relevant data
,3688-53-7,AF-2 [2-(2-Furyl)-3-(5-nitro-2-furyl)acrylamide],2B,"31, Sup 7",1987,1987.0,
19427,3697-24-3,5-Methylchrysene,2B,"Sup 7, 92",2010,2005.0,
,37319-17-8,Pentosan polysulfate sodium,2B,108,2016,2013.0,
2724065,3761-53-3,Ponceau MX,2B,"8, Sup 7",1987,1987.0,
,37620-20-5,N'-Nitrosoanabasine (NAB),3,"37, Sup 7, 89",2007,2004.0,
19592,3771-19-5,Nafenopin,2B,"24, Sup 7",1987,1987.0,
3690,3778-73-2,Isophosphamide,3,"26, Sup 7",1987,1987.0,
,3795-88-8,5-(Morpholinomethyl)-3-[(5-nitrofurfurylidene)­amino]-2-oxazolidinone,2B,"7, Sup 7",1987,1987.0,
19700,3844-45-9,"Brilliant Blue FCF, disodium salt",3,"16, Sup 7",1987,1987.0,
62896,38571-73-2,"1,2,3-Tris(chloromethoxy)propane",3,"15, Sup 7, 71",1999,1998.0,
5585,3902-71-4,"4,5',8-Trimethylpsoralen",3,"40, Sup 7",1987,1987.0,
5546,396-01-0,Triamterene,2B,108,2016,2013.0,
61322,4063-41-6,"4,5'-Dimethylangelicin plus ultraviolet A radiation",3,Sup 7,1987,1987.0,
38668,40762-15-0,Doxefazepam,3,66,1996,1996.0,
9863,409-21-2,Silicon carbide whiskers,2A,111,2017,2014.0,
447466,4170-30-3,Crotonaldehyde,2B,"63, 128",2021 online,2020.0,
9865,420-12-2,Ethylene sulfide,3,"11, Sup 7",1987,1987.0,
39184,42397-64-8,"1,6-Dinitropyrene",2B,"46, 105",2014,2012.0,
39185,42397-65-9,"1,8-Dinitropyrene",2B,"Sup 7, 46, 105",2014,2012.0,
135398738,3/4/4342,Dacarbazine,2B,"26, Sup 7",1987,1987.0,
3016,439-14-5,Diazepam,3,"Sup 7, 66",1996,1996.0,
4173,443-48-1,Metronidazole,2B,"13, Sup 7",1987,1987.0,
2265,446-86-6,Azathioprine,1,"26, Sup 7, 100A",2012,2008.0,
62542,4548-53-2,Ponceau SX,3,"8, Sup 7",1987,1987.0,
20678,4549-40-0,N-Nitrosomethylvinylamine,2B,"17, Sup 7",1987,1987.0,
62547,4657-93-6,5-Aminoacenaphthene,3,"16, Sup 7",1987,1987.0,
20803,4680-78-8,Guinea Green B,3,"16, Sup 7",1987,1987.0,
5281743,480-54-6,Retrorsine,3,"10, Sup 7",1987,1987.0,
5281750,480-81-9,Seneciphylline,3,"10, Sup 7",1987,1987.0,
2355,484-20-8,5-Methoxypsoralen,2A,"40, Sup 7",1987,1987.0,NB Overall evaluation upgraded to Group 2A with supporting evidence from other relevant data
10292,492-17-1,"2,4'-Diphenyldiamine",3,"16, Sup 7",1987,1987.0,
10298,492-80-8,Auramine,2B,"1, Sup 7, 99, 100F",2012,2009.0,
10303,493-52-7,Methyl red,3,"8, Sup 7",1987,1987.0,
,494-03-1,"N,N-Bis(2-chloroethyl)-2-naphthylamine (see Chlornaphazine)",,,,,
10307,494-03-1,Chlornaphazine,1,"4, Sup 7, 100A",2012,2008.0,
62344,494-38-2,Acridine orange,3,"16, Sup 7",1987,1987.0,
712,50-00-0,Formaldehyde,1,"Sup 7, 62, 88, 100F",2012,2009.0,
4763,50-06-6,Phenobarbital,2B,"Sup 7, 79",2001,2000.0,
5746,50-07-7,Mitomycin C,2B,"10, Sup 7",1987,1987.0,
2907,"50-18-0, 6055-19-2",Cyclophosphamide,1,"26, Sup 7, 100A",2012,2008.0,
,50-29-3,"DDT (4,4'-dichlorodiphenyltrichloroethane)",2A,"Sup 7, 53, 113",2018,2015.0,
2336,50-32-8,Benzo[a]pyrene,1,"Sup 7, 92, 100F",2012,2009.0,NB Overall evaluation upgraded to Group 1 based on mechanistic and other relevant data
4781,50-33-9,Phenylbutazone,3,"13, Sup 7",1987,1987.0,
3033832,50-41-9,Clomiphene citrate,3,"21, Sup 7",1987,1987.0,
667490,50-44-2,6-Mercaptopurine,3,"26, Sup 7",1987,1987.0,
5770,50-55-5,Reserpine,3,"24, Sup 7",1987,1987.0,
457193,50-76-0,Actinomycin D,3,"10, Sup 7",1987,1987.0,
3840,501-30-4,Kojic acid,3,79,2001,2000.0,
,505-60-2,Mustard gas (see Sulfur mustard),,,,,
10461,505-60-2,Sulfur mustard,1,"9, Sup 7, 100F",2012,2009.0,
10509,509-14-8,Tetranitromethane,2B,65,1996,1995.0,
16213631,50926-11-9,Indium tin oxide,2B,118,2018 online,2017.0,
60975,51-02-5,Pronetalol hydrochloride,3,"13, Sup 7",1987,1987.0,
5794,51-03-6,Piperonyl butoxide,3,"30, Sup 7",1987,1987.0,
5799,51-18-3,"2,4,6-Tris(1-aziridinyl)-s-triazine",3,"9, Sup 7",1987,1987.0,
3385,51-21-8,5-Fluorouracil,3,"26, Sup 7",1987,1987.0,
657298,51-52-5,Propylthiouracil,2B,"Sup 7, 79",2001,2000.0,
4033,51-75-2,Nitrogen mustard,2A,"9, Sup 7",1987,1987.0,
5641,51-79-6,Ethyl carbamate (Urethane),2A,"7, Sup 7, 96",2010,2007.0,
10522,510-15-6,Chlorobenzilate,3,"30, Sup 7",1987,1987.0,
2179,51264-14-3,Amsacrine,2B,76,2000,1999.0,
10555,513-37-1,1-Chloro-2-methylpropene,2B,63,1995,1995.0,
21209,5131-60-2,4-Chloro-meta-phenylenediamine,3,"27, Sup 7",1987,1987.0,
21223,5141-20-8,Light Green SF,3,"16, Sup 7",1987,1987.0,
2756,51481-61-9,Cimetidine,3,50,1990,1989.0,
21238,2/1/5160,D & C Red No. 9,3,"Sup 7, 57",1993,1992.0,
3347,51630-58-1,Fenvalerate,3,53,1991,1990.0,
54680783,518-75-2,Citrinin,3,"40, Sup 7",1987,1987.0,
5833,52-01-7,Spironolactone,3,"Sup 7, 79",2001,2000.0,
5453,52-24-4,Thiotepa,1,"Sup 7, 50, 100A",2012,2008.0,
5845,52-46-0,Apholate,3,"9, Sup 7",1987,1987.0,
5853,52-68-6,Trichlorfon,3,"30, Sup 7",1987,1987.0,
5280863,520-18-3,Kaempferol,3,"31, Sup 7",1987,1987.0,
135513128,523-44-4,CI Acid Orange 20,3,"8, Sup 7",1987,1987.0,
,523-44-4,Orange I (see CI Acid Orange 20),,,,,
10658,523-50-2,Angelicin plus ultraviolet A radiation,3,"40, Sup 7",1987,1987.0,
40326,52645-53-1,Permethrin,3,53,1991,1990.0,
40585,52918-63-5,Deltamethrin,3,53,1991,1990.0,
5865,53-03-2,Prednisone,3,"26, Sup 7",1987,1987.0,
5889,53-70-3,"Dibenz[a,h]anthracene",2A,"Sup 7, 92",2010,2005.0,NB Overall evaluation upgraded to Group 2A with supporting evidence from other relevant data
4338370,5307-14-2,"1,4-Diamino-2-nitrobenzene",3,"Sup 7, 57",1993,1992.0,
4053,531-76-0,Merphalan,2B,"9, Sup 7",1987,1987.0,
10753,531-82-8,N-[4-(5-Nitro-2-furyl)-2-thiazolyl]acetamide,2B,"7, Sup 7",1987,1987.0,
10771,532-82-1,Chrysoidine,3,"8, Sup 7",1987,1987.0,
2761171,536-33-4,Ethionamide,3,"13, Sup 7",1987,1987.0,
21480,5385-75-1,"Dibenzo[a,e]fluoranthene",3,"Sup 7, 92",2010,2005.0,
,53973-98-1,"Carrageenan, degraded (Poligeenan)",2B,"31, Sup 7",1987,1987.0,
,53973-98-1,"Poligeenan (see Carrageenan, degraded)",,,,,
2719,54-05-7,Chloroquine,3,"13, Sup 7",1987,1987.0,
,54-31-9,Furosemide (Frusemide),3,50,1990,1989.0,
3767,54-85-3,Isonicotinic acid hydrazide (Isoniazid),3,"4, Sup 7",1987,1987.0,
1322,540-73-8,"1,2-Dimethylhydrazine",2A,"4, Sup 7, 71",1999,1998.0,NB Overall evaluation upgraded to Group 2A with supporting evidence from other relevant data
10943,541-73-1,meta-Dichlorobenzene,3,73,1999,1998.0,
10958,542-56-3,Isobutyl nitrite,2B,122,2019,2018.0,
,542-75-6,"1,3-Dichloropropene (technical-grade)",2B,"41, Sup 7, 71",1999,1998.0,
10964,542-78-9,Malonaldehyde,3,"36, Sup 7, 71",1999,1998.0,
,"542-88-1, 107-30-2",Bis(chloromethyl)ether; chloromethyl methyl ether (technical-grade),1,"4, Sup 7, 100F",2012,2009.0,
5354568,5431-33-4,Glycidyl oleate,3,"11, Sup 7",1987,1987.0,
11011,545-06-2,Trichloroacetonitrile,3,"52, 71",1999,1998.0,
11016,545-55-1,Tris(1-aziridinyl)phosphine oxide,3,"9, Sup 7",1987,1987.0,
,5456-28-0,Ethyl selenac,3,"12, Sup 7",1987,1987.0,
,54749-90-5,Chlorozotocin,2A,50,1990,1989.0,NB Overall evaluation upgraded to Group 2A with supporting evidence from other relevant data
,548-62-9,Gentian violet (see also Leucogentian violet),2B,129,2022 online,2021.0,
5921,55-18-5,N-Nitrosodiethylamine,2A,"17, Sup 7",1987,1987.0,NB Overall evaluation upgraded to Group 2A with supporting evidence from other relevant data
,55-98-1,"1,4-Butanediol dimethanesulfonate (see Busulfan)",,,,,
2478,55-98-1,Busulfan,1,"4, Sup 7, 100A",2012,2008.0,
,55-98-1,Myleran (see Busulfan),,,,,
62369,551-74-6,Mannomustine dihydrochloride,3,"9, Sup 7",1987,1987.0,
21694,5522-43-0,1-Nitropyrene,2A,"Sup 7, 46, 105",2014,2012.0,NB Overall evaluation upgraded to Group 2A with supporting evidence from other relevant data
9568055,555-84-0,1-[(5-Nitrofurfurylidene)amino]-2-imidazolidinone,2B,"7, Sup 7",1987,1987.0,
62102,55557-01-2,N-Nitrosoguvacine,3,"Sup 7, 85",2004,2003.0,
62103,55557-02-3,N-Nitrosoguvacoline,3,"Sup 7, 85",2004,2003.0,
11164,556-52-5,Glycidol,2A,77,2000,2000.0,NB Overall evaluation upgraded to Group 2A with supporting evidence from other relevant data
542762,5589-96-8,Bromochloroacetic acid,2B,101,2013,2011.0,
667493,56-04-2,Methylthiouracil,2B,"Sup 7, 79",2001,2000.0,
5943,56-23-5,Carbon tetrachloride,2B,"20, Sup 7, 71",1999,1998.0,
5944,56-25-7,Cantharidin,3,"10, Sup 7",1987,1987.0,
991,56-38-2,Parathion,2B,"30, Sup 7, 112",2017,2015.0,
448537,56-53-1,Diethylstilbestrol,1,"21, Sup 7, 100A",2012,2008.0,
5954,56-55-3,Benz[a]anthracene,2B,"92, Sup 7",2010,2005.0,
5959,56-75-7,Chloramphenicol,2A,"Sup 7, 50",1990,1989.0,NB Overall evaluation upgraded to Group 2A with supporting evidence from other relevant data
11224,562-10-7,Doxylamine succinate,3,79,2001,2000.0,
11236,563-41-7,Semicarbazide hydrochloride,3,"12, Sup 7",1987,1987.0,
,563-47-3,"3-Chloro-2-methylpropene, technical grade",2B,"63, 115",2018,2016.0,
62123,56894-91-8,"1,4-Bis(chloromethoxymethyl)benzene",3,"15, Sup 7, 71",1999,1998.0,
11292,569-61-9,CI Basic Red 9,2B,"57, 99",2010,2008.0,
,"569-64-2, 14426-28-9, 2437-29-8",Malachite green (see also Leucomalachite green),3,129,2022 online,2021.0,
5971,57-06-7,Allyl isothiocyanate,3,"73, Sup 7",1999,1998.0,
5976,57-14-7,"1,1-Dimethylhydrazine",2B,"4, Sup 7, 71",1999,1998.0,
60976,57-39-6,Tris(2-methyl-1-aziridinyl)phosphine oxide,3,"9, Sup 7",1987,1987.0,
1775,57-41-0,Phenytoin,2B,"Sup 7, 66",1996,1996.0,
2365,57-57-8,beta-Propiolactone,2B,"4, Sup 7, 71",1999,1998.0,
5327,57-68-1,Sulfamethazine,3,79,2001,2000.0,NB Overall evaluation downgraded to Group 3 with supporting evidence from other relevant data
5993,57-74-9,Chlordane,2B,"Sup 7, 53, 79",2001,2000.0,
5997,57-88-5,Cholesterol,3,"31, Sup 7",1987,1987.0,
92629,57018-52-7,1-tert-Butoxypropan-2-ol,2B,"88, 119",2019,2017.0,
42128,57117-31-4,"2,3,4,7,8-Pentachlorodibenzofuran",1,100F,2012,2009.0,NB Overall evaluation upgraded to Group 1 based on mechanistic and other relevant data
,57465-28-8,"3,3’,4,4’,5-Pentachlorobiphenyl (PCB-126)",1,100F,2012,2009.0,"See Polychlorinated biphenyls, dioxin-like, with a TEF according to WHO"
62134,57835-92-4,4-Nitropyrene,2B,"46, 105",2014,2012.0,
2519,58-08-2,Caffeine,3,51,1991,1990.0,
4993,58-14-0,Pyrimethamine,3,"13, Sup 7",1987,1987.0,
2153,58-55-9,Theophylline,3,51,1991,1990.0,
,58-89-9,Lindane (see also Hexachlorocyclohexanes),1,113,2018,2015.0,
3639,58-93-5,Hydrochlorothiazide,2B,"50, 108",2016,2013.0,
11392,581-89-5,2-Nitronaphthalene,3,46,1989,1988.0,
126941,59-05-2,Methotrexate,3,"26, Sup 7",1987,1987.0,
,59-87-0,Nitrofural (Nitrofurazone),3,50,1990,1989.0,
6046,59-89-2,N-Nitrosomorpholine,2B,"17, Sup 7",1987,1987.0,
5363199,592-62-1,Methylazoxymethanol acetate,2B,"10, Sup 7",1987,1987.0,
135398513,59277-89-3,Aciclovir,3,76,2000,1999.0,
11641,593-60-2,Vinyl bromide,2A,"39, Sup 7, 71, 97",2008,2007.0,"NB (1) Overall evaluation upgraded to Group 2A based on mechanistic and other relevant data; (2) For practical purposes, vinyl bromide should be considered to act similarly to the human carcinogen vinyl chloride"
11643,593-70-4,Chlorofluoromethane,3,"41, Sup 7, 71",1999,1998.0,
,59536-65-1,Polybrominated biphenyls,2A,"41, Sup 7, 107",2016,2013.0,"NB Overall evaluation upgraded to Group 2A with supporting evidence from other relevant data, namely mechanistic similarity with polychlorinated biphenyls classified in Group 1"
11722,598-55-0,Methyl carbamate,3,"12, Sup 7",1987,1987.0,
62158,59820-43-8,HC Yellow No. 4,3,57,1993,1992.0,
,"59865-13-3, 79217-60-0",Ciclosporin (see Cyclosporine),,,,,
5284373,"59865-13-3, 79217-60-0",Cyclosporine,1,"50, 100A",2012,2008.0,
440917,5989-27-5,d-Limonene,3,"56, 73",1999,1998.0,NB Overall evaluation downgraded to Group 3 with supporting evidence from other relevant data
5339,599-79-1,Sulfasalazine,2B,108,2016,2013.0,
6051,60-09-3,para-Aminoazobenzene,2B,"8, Sup 7",1987,1987.0,
6053,60-11-7,para-Dimethylaminoazobenzene,2B,"8, Sup 7",1987,1987.0,
178,60-35-5,Acetamide,2B,"7, Sup 7, 71",1999,1998.0,
1349907,60-56-0,Methimazole,3,79,2001,2000.0,
,60-57-1,"Dieldrin (see Dieldrin, and aldrin metabolized to dieldrin)",,,,,
,"60-57-1, 309-00-2","Dieldrin, and aldrin metabolized to dieldrin",2A,"5, Sup 7, 117",2019,2016.0,
5281741,60102-37-6,Petasitenine,3,"31, Sup 7",1987,1987.0,
62163,60153-49-3,3-(N-Nitrosomethylamino)propionitrile,2B,"Sup 7, 85",2004,2003.0,
11767,602-60-8,9-Nitroanthracene,3,"33, Sup 7",1987,1987.0,
11769,602-87-9,5-Nitroacenaphthene,2B,"16, Sup 7",1987,1987.0,
,603-48-5,Leucogentian violet (see also Gentian violet),3,129,2022 online,2021.0,
4616,604-75-1,Oxazepam,2B,"Sup 7, 66",1996,1996.0,
11813,606-20-2,"2,6-Dinitrotoluene",2B,65,1996,1995.0,
11831,607-57-8,2-Nitrofluorene,2B,"46, 105",2014,2012.0,
11860,609-20-1,"2,6-Dichloro-para-phenylenediamine",3,"39, Sup 7",1987,1987.0,
6093,61-57-4,Niridazole,2B,"13, Sup 7",1987,1987.0,
1639,61-82-5,Amitrole,3,"79, Sup 7",2001,2000.0,NB Overall evaluation downgraded to Group 3 with supporting evidence from other relevant data
11899,611-06-3,"2,4-Dichloro-1-nitrobenzene",2B,123,2020 online,2018.0,
11942,613-35-4,"N,N'-Diacetylbenzidine",2B,"16, Sup 7",1987,1987.0,
11976,615-05-4,"2,4-Diaminoanisole",2B,"Sup 7, 79",2001,2000.0,
,615-28-1,ortho-Phenylenediamine dihydrochloride,2B,123,2020 online,2018.0,
12001,615-53-2,N-Methyl-N-nitrosourethane,2B,"4, Sup 7",1987,1987.0,
22544,6164-98-3,Chlordimeform,3,"30, Sup 7",1987,1987.0,
12067,618-85-9,"3,5-Dinitrotoluene",3,65,1996,1995.0,
4754,62-44-2,Phenacetin,1,"24, Sup 7, 100A",2012,2008.0,NB Overall evaluation upgraded to Group 1 with supporting evidence from other relevant data
6113,62-50-0,Ethyl methanesulfonate,2B,"7, Sup 7",1987,1987.0,
,62-53-3,Aniline (see also Aniline hydrochloride),2A,"27, Sup 7, 127",2021 online,2020.0,
2723949,62-55-5,Thioacetamide,2B,"7, Sup 7",1987,1987.0,
2723790,62-56-6,Thiourea,3,"Sup 7, 79",2001,2000.0,
3039,62-73-7,Dichlorvos,2B,"Sup 7, 53",1991,1990.0,
6124,62-75-9,N-Nitrosodimethylamine,2A,"17, Sup 7",1987,1987.0,NB Overall evaluation upgraded to Group 2A with supporting evidence from other relevant data
12130,621-64-7,N-Nitrosodi-n-propylamine,2B,"17, Sup 7",1987,1987.0,
,62450-06-0,"Trp-P-1 (3-Amino-1,4-dimethyl-5H-pyrido[4,3-b]indole)",2B,"31, Sup 7",1987,1987.0,
,62450-07-1,"Trp-P-2 (3-Amino-1-methyl-5H-pyrido[4,3-b]indole)",2B,"31, Sup 7",1987,1987.0,
12306,627-12-3,n-Propyl carbamate,3,"12, Sup 7",1987,1987.0,
6129,63-25-2,Carbaryl,3,"12, Sup 7",1987,1987.0,
5284441,63-92-3,Phenoxybenzamine hydrochloride,2B,"24, Sup 7",1987,1987.0,
12418,630-20-6,"1,1,1,2-Tetrachloroethane",2B,"41, Sup 7, 71, 106",2014,2012.0,
44374,63041-90-7,6-Nitrobenzo[a]pyrene,3,"Sup 7, 46",1989,1988.0,
12433,631-64-1,Dibromoacetic acid,2B,101,2013,2011.0,
12447,632-99-5,Magenta,2B,"Sup 7, 57, 99, 100F",2012,2009.0,
22830,6358-53-8,Citrus Red No. 2,2B,"8, Sup 7",1987,1987.0,
61396,6368-72-5,Sudan Red 7B,3,"8, Sup 7",1987,1987.0,
2796,637-07-0,Clofibrate,3,"Sup 7, 66",1996,1996.0,
5284435,6373-74-6,CI Acid Orange 3,3,57,1993,1992.0,
702,64-17-5,Ethanol in alcoholic beverages,1,"96, 100E",2012,2009.0,
6163,64-67-5,Diethyl sulfate,2A,"54, 71",1999,1998.0,NB Overall evaluation upgraded to Group 2A with supporting evidence from other relevant data
160539,641-48-5,"1,2-Dihydroaceanthrylene",3,92,2010,2005.0,
62608,6416-57-5,Sudan Brown RR,3,"8, Sup 7",1987,1987.0,
,64436-13-1,Arsenobetaine and other organic arsenic compounds that are not metabolized in humans,3,100C,2012,2009.0,
22960,6459-94-5,CI Acid Red 114,2B,57,1993,1992.0,
,64742-93-4,"Bitumens, occupational exposure to oxidized bitumens and their emissions during roofing",2A,103,2013,2011.0,
4212,65271-80-9,Mitoxantrone,2B,76,2000,1999.0,
,65996-93-2,Coal-tar pitch,1,"35, Sup 7, 100F",2012,2009.0,
4156,66-27-3,Methyl methanesulfonate,2A,"7, Sup 7, 71",1999,1998.0,NB Overall evaluation upgraded to Group 2A with supporting evidence from other relevant data
6194,66-75-1,Uracil mustard,2B,"9, Sup 7",1987,1987.0,
61565,66733-21-9,Erionite,1,"42, Sup 7, 100C",2012,2009.0,
6604200,67-20-9,Nitrofurantoin,3,50,1990,1989.0,
5323714,67-45-8,Furazolidone,3,"31, Sup 7",1987,1987.0,
3776,67-63-0,Isopropyl alcohol,3,"15, Sup 7, 71",1999,1998.0,
6212,67-66-3,Chloroform,2B,"Sup 7, 73",1999,1998.0,
6214,67-72-1,Hexachloroethane,2B,73,1999,1998.0,
,67730-10-3,"Glu-P-2 (2-Aminodipyrido[1,2-a:3',2'-d]imidazole)",2B,"40, Sup 7",1987,1987.0,
,67730-11-4,"Glu-P-1 (2-Amino-6-methyldipyrido[1,2-a:3',2'-d]imidazole)",2B,"40, Sup 7",1987,1987.0,
6228,68-12-2,"N,N-Dimethylformamide",2A,"47, 71, 115",2018,2016.0,
,68-76-8,Tris(aziridinyl)-para-benzoquinone (Triaziquone),3,"9, Sup 7",1987,1987.0,
12679,680-31-9,Hexamethylphosphoramide,2B,"15, Sup 7, 71",1999,1998.0,
,68006-83-7,"MeA-alpha-C (2-Amino-3-methyl-9H-pyrido[2,3-b]indole)",2B,"40, Sup 7",1987,1987.0,
,68308-34-9,Shale oils,1,"35, Sup 7, 100F",2012,2009.0,
12699,684-93-5,N-Methyl-N-nitrosourea,2A,"17, Sup 7",1987,1987.0,NB Overall evaluation upgraded to Group 2A with supporting evidence from other relevant data
,68603-42-9,Coconut oil diethanolamine condensate,2B,101,2013,2011.0,
442741,6870-67-3,Jacobine,3,"10, Sup 7",1987,1987.0,
6249,69-53-4,Ampicillin,3,50,1990,1989.0,
12749,693-98-1,2-Methylimidazole,2B,101,2013,2011.0,
135398739,69655-05-6,Didanosine,3,76,2000,1999.0,
,70-25-7,N-Methyl-N´-nitro-N-nitrosoguanidine (MNNG),2A,"4, Sup 7",1987,1987.0,NB Overall evaluation upgraded to Group 2A with supporting evidence from other relevant data
3598,70-30-4,Hexachlorophene,3,"20, Sup 7",1987,1987.0,
197865,7099-43-6,"5,6-Cyclopenteno-1,2-benzanthracene",3,92,2010,2005.0,
241,71-43-2,Benzene,1,"29, Sup 7, 100F, 120",2018,2017.0,
6278,71-55-6,"1,1,1-Trichloroethane",2A,"20, Sup 7, 71, 130",2022 online,2021.0,
6279,71-58-9,Medroxyprogesterone acetate,2B,"21, Sup 7",1987,1998.0,
61205,712-68-5,"2-Amino-5-(5-nitro-2-furyl)-1,3,4-thiadiazole",2B,"7, Sup 7",1987,1987.0,
,71267-22-6,N'-Nitrosoanatabine (NAT),3,"37, Sup 7, 89",2007,2004.0,
3048,72-20-8,Endrin,3,"5, Sup 7",1987,1987.0,
4115,72-43-5,Methoxychlor,3,"20, Sup 7",1987,1987.0,
6296,72-57-1,Trypan blue,2B,"8, Sup 7",1987,1987.0,
6099,7220-79-3,Methylene blue,3,108,2016,2013.0,
5329,723-46-6,Sulfamethoxazole,3,"Sup 7, 79",2001,2000.0,
62267,73459-03-7,5-Methylangelicin plus ultraviolet A radiation,3,Sup 7,1987,1987.0,
6323,74-83-9,Methyl bromide,3,"41, Sup 7, 71",1999,1998.0,
6325,74-85-1,Ethylene,3,"Sup 7, 60",1994,1998.0,
6327,74-87-3,Methyl chloride,3,"41, Sup 7, 71",1999,1998.0,
6328,74-88-4,Methyl iodide,3,"41, Sup 7, 71",1999,1998.0,
6332,74-96-4,Bromoethane,3,"52, 71",1999,1998.0,
5352425,7439-92-1,Lead,2B,"23, Sup 7",1987,1987.0,
,7439-97-6,Mercury and inorganic mercury compounds,3,58,1993,1993.0,
,7440-02-0,"Nickel, metallic",2B,"Sup 7, 49",1990,1989.0,
23940,7/5/7440,Plutonium,1,"78, 100D",2012,2009.0,
,7440-29-1,Thorium-232 and its decay products,1,"78, 100D",2012,2009.0,
,7440-38-2,Arsenic and inorganic arsenic compounds,1,"23, Sup 7, 100C",2012,2009.0,
,7440-41-7,Beryllium and beryllium compounds,1,"Sup 7, 58, 100C",2012,2009.0,
,7440-43-9,Cadmium and cadmium compounds,1,"58, 100C",2012,2009.0,
,7440-47-3,"Chromium, metallic",3,"Sup 7, 49",1990,1989.0,
,7440-48-4,Cobalt metal (without tungsten carbide or other metal alloys),2A,"52, 86, 131",2023 online,2022.0,
,"7440-48-4, 12070-12-1",Cobalt metal with tungsten carbide,2A,86,2006,2003.0,
,7440-61-1,"Uranium, mixture of isotopes (see Radionuclides, alpha-particle-emitting, internally deposited)",1,"78, 100D",2012,2009.0,"NB Uranium was listed as a Group 1 agent as a member of the family, Radionuclides, alpha-particle-emitting, internally deposited. There was limited evidence for the carcinogenicity of mixtures of uranium isotopes, with positive associations for lung cancer"
1119,9/5/7446,Sulfur dioxide,3,54,1992,1991.0,
62642,7460-84-6,Glycidyl stearate,3,"11, Sup 7",1987,1987.0,
24066,7481-89-2,Zalcitabine,2B,76,2000,1999.0,
24121,2/8/7496,6-Nitrochrysene,2A,"Sup 7, 46, 105",2014,2012.0,NB Overall evaluation upgraded to Group 2A with supporting evidence from other relevant data
6337,75-00-3,Chloroethane,3,"52, 71",1999,1998.0,
6338,75-01-4,Vinyl chloride,1,"Sup 7, 97, 100F",2012,2009.0,
6339,75-02-5,Vinyl fluoride,2A,"Sup 7, 63, 97",2008,2007.0,"NB (1) Overall evaluation upgraded to Group 2A based on mechanistic and other relevant data; (2) For practical purposes, vinyl fluoride should be considered to act similarly to the human carcinogen vinyl chloride"
177,75-07-0,Acetaldehyde,2B,"36, Sup 7, 71",1999,1998.0,
,75-07-0,Acetaldehyde associated with consumption of alcoholic beverages,1,100E,2012,2009.0,
6344,75-09-2,Dichloromethane (Methylene chloride),2A,"Sup 7, 71, 110",2017,2014.0,
6354,75-21-8,Ethylene oxide,1,"Sup 7, 60, 97, 100F",2012,2009.0,NB Overall evaluation upgraded to Group 1 based on mechanistic and other relevant data
5558,75-25-2,Bromoform,3,"52, 71",1999,1998.0,
6358,75-26-3,2-Bromopropane,2A,133,In prep.,2023.0,
6359,75-27-4,Bromodichloromethane,2B,"52, 71",1999,1998.0,
6366,75-35-4,Vinylidene chloride,2B,"39, Sup 7, 71, 119",2019,2017.0,
6369,75-38-7,Vinylidene fluoride,3,"39, Sup 7, 71",1999,1998.0,
6372,75-45-6,Chlorodifluoromethane,3,"41, Sup 7, 71",1999,1998.0,
6375,75-52-5,Nitromethane,2B,77,2000,2000.0,
,75-55-8,2-Methylaziridine (Propyleneimine),2B,"9, Sup 7, 71",1999,1998.0,
6378,75-56-9,Propylene oxide,2B,"Sup 7, 60",1994,1994.0,
2513,75-60-5,Dimethylarsinic acid,2B,100C,2012,2009.0,
6407,75-87-6,Chloral,2A,"63, 84, 106",2014,2012.0,
6408,75-88-7,"2-Chloro-1,1,1-trifluoroethane",3,"41, Sup 7, 71",1999,1998.0,
10419304,7519-36-0,N-Nitrosoproline,3,"17, Sup 7",1987,1987.0,
53230,75321-20-9,"1,3-Dinitropyrene",2B,"46, 105",2014,2012.0,
24227,7572-29-4,Dichloroacetylene,3,"39, Sup 7, 71",1999,1998.0,
12967,759-73-9,N-Ethyl-N-nitrosourea,2A,"17, Sup 7",1987,1987.0,NB Overall evaluation upgraded to Group 2A with supporting evidence from other relevant data
6419,76-01-7,Pentachloroethane,3,"41, Sup 7, 71",1999,1998.0,
6421,76-03-9,Trichloroacetic acid,2B,"63, 84, 106",2014,2012.0,
3589,76-44-8,Heptachlor,2B,"Sup 7, 53, 79",2001,2000.0,
,76180-96-6,"IQ (2-Amino-3-methylimidazo[4,5-f]quinoline)",2A,"Sup 7, 56",1993,1992.0,NB Overall evaluation upgraded to Group 2A with supporting evidence from other relevant data
24261,7631-86-9,"Silica, amorphous",3,"Sup 7, 68",1997,1996.0,
313,7647-01-0,Hydrochloric acid,3,54,1992,1991.0,
13002,765-34-4,Glycidaldehyde,2B,"11, Sup 7, 71",1999,1998.0,
,7664-93-9,Strong-inorganic-acid mists containing sulfuric acid (see Acid mists),,,,,
4764,77-09-8,Phenolphthalein,2B,76,2000,1999.0,
6497,77-78-1,Dimethyl sulfate,2A,"4, Sup 7, 71",1999,1998.0,NB Overall evaluation upgraded to Group 2A with supporting evidence from other relevant data
,77094-11-2,"MeIQ (2-Amino-3,4-dimethylimidazo[4,5-f]quinoline)",2B,"Sup 7, 56",1993,1992.0,
784,7722-84-1,Hydrogen peroxide,3,"36, Sup 7, 71",1999,1998.0,
53665,77439-76-0,3-Chloro-4-(dichloromethyl)-5-hydroxy-2(5H)-furanone,2B,84,2004,2002.0,
,77500-04-0,"MeIQx (2-Amino-3,8-dimethylimidazo[4,5-f]quinoxaline)",2B,"Sup 7, 56",1993,1992.0,
23673461,1/2/7758,Potassium bromate,2B,"Sup 7, 73",1999,1998.0,
23668197,7758-19-2,Sodium chlorite,3,52,1991,1990.0,
,7782-49-2,Selenium and selenium compounds,3,"9, Sup 7",1987,1987.0,
6544,78-59-1,Isophorone,2B,130,2022 online,2021.0,
6557,78-79-5,Isoprene,2B,"60, 71",1999,1998.0,
6564,78-87-5,"1,2-Dichloropropane",1,"41, Sup 7, 71, 110",2017,2014.0,
880,78-98-8,Methylglyoxal,3,51,1991,1990.0,
13090,789-07-1,2-Nitropyrene,3,46,1989,1988.0,
6574,79-00-5,"1,1,2-Trichloroethane",3,"52, 71",1999,1998.0,
6575,79-01-6,Trichloroethylene,1,"Sup 7, 63, 106",2014,2012.0,
6579,79-06-1,Acrylamide,2A,"60, Sup 7",1994,1994.0,NB Overall evaluation upgraded to Group 2A with supporting evidence from other relevant data
6581,79-10-7,Acrylic acid,3,"19, Sup 7, 71",1999,1998.0,
6591,79-34-5,"1,1,2,2-Tetrachloroethane",2B,"20, Sup 7, 71, 106",2014,2012.0,
6597,79-43-6,Dichloroacetic acid,2B,"63, 84, 106",2014,2012.0,
6598,79-44-7,Dimethylcarbamoyl chloride,2A,"12, Sup 7, 71",1999,1998.0,NB Overall evaluation upgraded to Group 2A with supporting evidence from other relevant data
398,79-46-9,2-Nitropropane,2B,"29, Sup 7, 71",1999,1998.0,
6618,79-94-7,Tetrabromobisphenol A,2A,115,2018,2016.0,NB Overall evaluation upgraded to Group 2A with supporting evidence from mechanistic data
,794-93-4,Dihydroxymethylfuratrizine (see also Panfuran S),3,"24, Sup 7",1987,1987.0,
6414792,794-93-4,Panfuran S (containing dihydroxymethylfuratrizine),2B,"24, Sup 7",1987,1987.0,
2955,80-08-0,Dapsone,3,"24, Sup 7",1987,1987.0,
6658,80-62-6,Methyl methacrylate,3,"Sup 7, 60",1994,1994.0,
61215,800-24-8,Aziridyl benzoquinone,3,"9, Sup 7",1987,1987.0,
,8001-35-2,Toxaphene (Polychlorinated camphenes),2B,"Sup 7, 79",2001,2000.0,
,8001-50-1,Terpene polychlorinates (Strobane®),3,"5, Sup 7",1987,1987.0,
,8001-58-9,Creosotes,2A,"Sup 7, 92",2010,2005.0,
,5/9/8002,Crude oil,3,45,1989,1988.0,
,8007-45-2,Coal tars (see Coal-tar distillation),,"35, Sup 7",1987,1987.0,
,8007-45-2,Coal-tar distillation,1,"92, 100F",2012,2009.0,
,7/3/8018,Acriflavinium chloride,3,"13, Sup 7",1987,1987.0,
6252910,804-36-4,Nitrovin,3,"31, Sup 7",1987,1987.0,
91663255,8047-67-4,Saccharated iron oxide,3,"2, Sup 7",1987,1987.0,
,8052-42-4,"Bitumens, extracts of steam-refined and air-refined; steam-refined, cracking-residue and air-refined bitumens (see Bitumens, occupational exposures)",,,,,
,"8052-42-4, 64741-56-6","Bitumens, occupational exposure to straight-run bitumens and their emissions during road paving",2B,103,2013,2011.0,
,81-07-2,Saccharin and its salts,3,"Sup 7, 73",1999,1998.0,NB Overall evaluation downgraded to Group 3 with supporting evidence from other relevant data
62329,81-15-2,Musk xylene,3,65,1996,1995.0,
6681,81-49-2,"1-Amino-2,4-dibromoanthraquinone",2B,101,2013,2011.0,
6694,81-88-9,Rhodamine B,3,"16, Sup 7",1987,1987.0,
,817-09-4,Trichlormethine (Trimustine hydrochloride),2B,"Sup 7, 50",1990,1989.0,
6702,82-28-0,1-Amino-2-methylanthraquinone,3,"27, Sup 7",1987,1987.0,
,82-68-8,Quintozene (Pentachloronitrobenzene),3,"5, Sup 7",1987,1987.0,
13195,822-36-6,4-Methylimidazole,2B,101,2013,2011.0,
3033767,82413-20-5,Droloxifene,3,66,1996,1996.0,
13232,828-00-2,Dimethoxane,3,"15, Sup 7",1987,1987.0,
6734,83-32-9,Acenaphthene,3,92,2010,2005.0,
6751,83-63-6,Diacetylaminoazotoluene,3,"8, Sup 7",1987,1987.0,
6753,83-66-9,Musk ambrette,3,65,1996,1995.0,
5429,83-67-0,Theobromine,3,51,1991,1990.0,
13257,832-69-9,1-Methylphenanthrene,3,"Sup 7, 92",2010,2005.0,
55004,83463-62-1,Bromochloroacetonitrile,3,"52, 71",1999,1998.0,
13283,838-88-0,"4,4'-Methylene bis(2-methylaniline)",2B,"4, Sup 7",1987,1987.0,
6780,84-65-1,Anthraquinone,2B,101,2013,2011.0,
13297,842-07-9,Sudan I,3,"8, Sup 7",1987,1987.0,
5391,846-50-4,Temazepam,3,66,1996,1996.0,
995,85-01-8,Phenanthrene,3,"Sup 7, 92",2010,2005.0,
2347,85-68-7,Butyl benzyl phthalate,3,"Sup 7, 73",1999,1998.0,
62330,85-83-6,Scarlet Red,3,"8, Sup 7",1987,1987.0,
6824,85-84-7,Yellow AB,3,"8, Sup 7",1987,1987.0,
62331,85-86-9,Sudan III,3,"8, Sup 7",1987,1987.0,
98533,85502-23-4,3-(N-Nitrosomethylamino)propionaldehyde,3,"Sup 7, 85",2004,2003.0,
55431,85878-62-2,"Pyrido[3,4-c]psoralen",3,"40, Sup 7",1987,1987.0,
55432,85878-63-3,"7-Methylpyrido[3,4-c]psoralen",3,"40, Sup 7",1987,1987.0,
6838,86-30-6,N-Nitrosodiphenylamine,3,"27, Sup 7",1987,1987.0,
3637,86-54-4,Hydralazine,3,"24, Sup 7",1987,1987.0,
6849,86-57-7,1-Nitronaphthalene,3,46,1989,1988.0,
6853,86-73-7,Fluorene,3,"Sup 7, 92",2010,2005.0,
6854,86-74-8,Carbazole,2B,"32, Sup 7, 71, 103",2013,2011.0,
,86-88-4,1-Naphthylthiourea (ANTU),3,"30, Sup 7",1987,1987.0,
6327114,868-85-9,Dimethyl hydrogen phosphite,2B,"48, 71, 133",In prep.,2023.0,
5284369,87-29-6,Cinnamyl anthranilate,3,"Sup 7, 77",2000,2000.0,
6896,87-62-7,"2,6-Dimethylaniline (2,6-Xylidine)",2B,57,1993,1992.0,
6901,87-68-3,Hexachlorobutadiene,3,73,1999,1998.0,
,87-86-5,Pentachlorophenol (see also Polychlorophenols),1,"53, 71, 117",2019,2016.0,
13962857,87625-62-5,Ptaquiloside,3,"40, Sup 7",1987,1987.0,
6913,88-05-1,"2,4,6-Trimethylaniline",3,"27, Sup 7",1987,1987.0,
,88-06-2,"2,4,6-Trichlorophenol (see also Polychlorophenols)",2B,117,2019,2016.0,
6917,88-12-0,N-Vinyl-2-pyrrolidone,3,"19, Sup 7, 71",1999,1998.0,
6944,88-72-2,2-Nitrotoluene,2A,101,2013,2011.0,NB Overall evaluation upgraded to Group 2A with supporting evidence from other relevant data
6945,88-73-3,2-Chloronitrobenzene,2B,"65, 123",2020 online,2018.0,
,"88-73-3, 121-73-3, 100-00-5","Chloronitrobenzenes (see 2-Chloronitrobenzene, 3-Chloronitrobenzene, 4-Chloronitrobenzene)",,,,,
6977,89-61-2,"1,4-Dichloro-2-nitrobenzene",2B,"65, 123",2020 online,2018.0,
442495,89-82-7,Pulegone,2B,108,2016,2013.0,
13462,892-21-7,3-Nitrofluoranthene,3,"33, Sup 7",1987,1987.0,
3005573,89778-26-7,Toremifene,3,66,1996,1996.0,
,90-04-0,ortho-Anisidine (see also ortho-Anisidine hydrochloride),2A,"Sup 7, 73, 127",2021 online,2020.0,
7017,90-43-7,ortho-Phenylphenol,3,73,1999,1998.0,
1268111,90-65-3,Penicillic acid,3,"10, Sup 7",1987,1987.0,
,90-94-8,"Michler’s ketone [4,4´-Bis(dimethylamino)­benzophenone]",2B,99,2010,2008.0,
,7/1/9000,"Carrageenan, native",3,"31, Sup 7",1987,1987.0,
,9000-38-8,Kava extract,2B,108,2016,2013.0,
,9002-84-0,Polytetrafluoroethylene,3,"19, Sup 7",1987,1987.0,
,9002-86-2,Polyvinyl chloride,3,"19, Sup 7",1987,1987.0,
,9002-88-4,Polyethylene,3,"19, Sup 7",1987,1987.0,
,9002-89-5,Polyvinyl alcohol,3,"19, Sup 7",1987,1987.0,
,1/4/9003,Polyacrylic acid,3,"19, Sup 7",1987,1987.0,
,9003-07-0,Polypropylene,3,"19, Sup 7",1987,1987.0,
,9003-20-7,Polyvinyl acetate,3,"19, Sup 7",1987,1987.0,
,9003-22-9,Vinyl chloride-vinyl acetate copolymers,3,"19, Sup 7",1987,1987.0,
,9003-39-8,Polyvinyl pyrrolidone,3,"19, Sup 7, 71",1999,1998.0,
,9003-53-6,Polystyrene,3,"19, Sup 7",1987,1987.0,
,9003-54-7,Styrene-acrylonitrile copolymers,3,"19, Sup 7",1987,1987.0,
,9003-55-8,Styrene-butadiene copolymers,3,"19, Sup 7",1987,1987.0,
,9004-51-7,Iron-dextrin complex,3,"2, Sup 7",1987,1987.0,
,9004-66-4,Iron-dextran complex,2B,"2, Sup 7",1987,1987.0,
,90045-36-6,Ginkgo biloba extract,2B,108,2016,2013.0,
,9009-54-5,Polyurethane foams,3,"19, Sup 7",1987,1987.0,
,9010-98-4,Polychloroprene,3,"19, Sup 7",1987,1987.0,
,6/7/9011,Vinylidene chloride-vinyl chloride copolymers,3,"19, Sup 7",1987,1987.0,
,9011-14-7,Polymethyl methacrylate,3,"19, Sup 7",1987,1987.0,
,9016-87-9,Polymethylene polyphenyl isocyanate,3,"19, Sup 7",1987,1987.0,
107731,90370-29-9,"4,4',6-Trimethylangelicin plus ultraviolet A radiation",3,Sup 7,1987,1987.0,
931,91-20-3,Naphthalene,2B,82,2002,2002.0,
7047,91-22-5,Quinoline,2B,121,2019,2018.0,
,91-23-6,ortho-Nitroanisole,2A,"65, 127",2021 online,2020.0,NB Originally evaluated as 2-Nitroanisole
7057,91-59-8,2-Naphthylamine,1,"4, Sup 7, 99, 100F",2012,2009.0,
323,91-64-5,Coumarin,3,"Sup 7, 77",2000,2000.0,
7069,91-93-0,"3,3'-Dimethoxybenzidine-4,4'-diisocyanate",3,"39, Sup 7",1987,1987.0,
7070,91-94-1,"3,3'-Dichlorobenzidine",2B,"29, Sup 7",1987,1987.0,
13506,915-67-3,Amaranth,3,"8, Sup 7",1987,1987.0,
7102,92-67-1,4-Aminobiphenyl,1,"1, Sup 7, 99, 100F",2012,2009.0,
7111,92-87-5,Benzidine,1,"29, Sup 7, 99, 100F",2012,2009.0,
7114,92-93-3,4-Nitrobiphenyl,3,"4, Sup 7",1987,1987.0,
13542,924-16-3,N-Nitrosodi-n-butylamine,2B,"17, Sup 7",1987,1987.0,
13543,924-42-5,N-Methylolacrylamide,2B,"60, 130",2022 online,2021.0,
7127,93-15-2,Methyleugenol,2A,"101, 134",In prep.,2023.0,
13591,930-55-2,N-Nitrosopyrrolidine,2B,"17, Sup 7",1987,1987.0,
7187,94-36-0,Benzoyl peroxide,3,"36, Sup 7, 71",1999,1998.0,
7197,94-58-6,Dihydrosafrole,2B,"10, Sup 7",1987,1987.0,
5144,94-59-7,Safrole,2B,"10, Sup 7",1987,1987.0,
,94-75-7,"2,4-D (2,4-dichlorophenoxyacetic acid) (See also Chlorophenoxy herbicides)",2B,113,2018,2015.0,
7216,95-06-7,Sulfallate,2B,"30, Sup 7",1987,1987.0,
7239,95-50-1,ortho-Dichlorobenzene,3,"Sup 7, 73",1999,1998.0,
7242,95-53-4,ortho-Toluidine,1,"Sup 7, 77, 99, 100F",2012,2009.0,
7243,95-54-5,ortho-Phenylenediamine,2B,123,2020 online,2018.0,
7250,95-68-1,"2,4-Xylidine",3,"16, Sup 7",1987,1987.0,
7251,95-69-2,4-Chloro-ortho-toluidine,2A,"77, 99",2010,2008.0,
7252,95-70-5,"2,5-Diaminotoluene",3,"16, Sup 7",1987,1987.0,
7259,95-78-3,"2,5-Xylidine",3,"16, Sup 7",1987,1987.0,
7260,95-79-4,5-Chloro-ortho-toluidine,3,77,2000,2000.0,
7261,95-80-7,"2,4-Diaminotoluene",2B,"16, Sup 7",1987,1987.0,
7263,95-83-0,4-Chloro-ortho-phenylenediamine,2B,"27, Sup 7",1987,1987.0,
7265,95-85-2,2-Amino-4-chlorophenol,2B,123,2020 online,2018.0,
7276,96-09-3,"Styrene-7,8-oxide",2A,"Sup 7, 60, 121",2019,2018.0,NB Overall evaluation upgraded to Group 2A with supporting evidence from other relevant data
7280,96-12-8,"1,2-Dibromo-3-chloropropane",2B,"20, Sup 7, 71",1999,1998.0,
7281,96-13-9,"2,3-Dibromopropan-1-ol",2B,77,2000,2000.0,
7285,96-18-4,"1,2,3-Trichloropropane",2A,63,1995,1995.0,
7289,96-23-1,"1,3-Dichloro-2-propanol",2B,101,2013,2011.0,
7290,96-24-2,"3-Monochloro-1,2-propanediol",2B,101,2013,2011.0,
7294,96-33-3,Methyl acrylate,2B,"39, Sup 7, 71, 122",2019,2018.0,
2723650,96-45-7,Ethylenethiourea,3,"Sup 7, 79",2001,2000.0,NB Overall evaluation downgraded to Group 3 with supporting evidence from other relevant data
7302,96-48-0,gamma-Butyrolactone,3,"11, Sup 7, 71",1999,1998.0,
3314,97-53-0,Eugenol,3,"36, Sup 7",1987,1987.0,
853433,97-54-1,Isoeugenol,2B,134,In prep.,2023.0,
7340,97-56-3,ortho-Aminoazotoluene,2B,"8, Sup 7",1987,1987.0,
3117,97-77-8,Disulfiram,3,"12, Sup 7",1987,1987.0,
7354,97-88-1,Butyl methacrylate,2B,133,In prep.,2023.0,
7361,98-00-0,Furfuryl alcohol,2B,119,2019,2017.0,
7362,98-01-1,Furfural,3,63,1995,1995.0,
7394,98-56-6,4-Chlorobenzotrifluoride,2B,125,2020 online,2019.0,
7406,98-82-8,Cumene,2B,101,2013,2011.0,
,98-83-9,α-Methylstyrene,2B,101,2013,2011.0,
,"98-87-3, 98-07-7, 100-44-7, 98-88-4","alpha-Chlorinated toluenes (benzal chloride, benzotrichloride, benzyl chloride) and benzoyl chloride (combined exposures)",2A,"29, Sup 7, 71",1999,1998.0,
7416,98-95-3,Nitrobenzene,2B,65,1996,1995.0,
13806,989-38-8,Rhodamine 6G,3,"16, Sup 7",1987,1987.0,
,"99-08-1, 99-99-0",Nitrotoluenes,3,65,1996,1995.0,
7444,99-55-8,5-Nitro-ortho-toluidine,3,48,1990,1989.0,
5111791,99-56-9,"1,2-Diamino-4-nitrobenzene",3,"16, Sup 7",1987,1987.0,
3613389,99-57-0,2-Amino-4-nitrophenol,3,57,1993,1992.0,
7447,99-59-2,5-Nitro-ortho-anisidine,3,"27, Sup 7",1987,1987.0,
60991,99-80-9,"N-Methyl-N,4-dinitrosoaniline",3,"1, Sup 7",1987,1987.0,
7471,99-97-8,"N,N-Dimethyl-p-toluidine",2B,115,2018,2016.0,
