string,case,gender,number,value,order,num_class,scale
нуль,nominative,,singular,0,-1,cardinal,False
нулі,nominative,,plural,0,-1,cardinal,False
нуля,genetive,,singular,0,-1,cardinal,False
нулів,genetive,,plural,0,-1,cardinal,False
нулю нулеві,dative,,singular,0,-1,cardinal,False
нулям,dative,,plural,0,-1,cardinal,False
нуль,accusative,,singular,0,-1,cardinal,False
нулі,accusative,,plural,0,-1,cardinal,False
нулем,instrumental,,singular,0,-1,cardinal,False
нулями,instrumental,,plural,0,-1,cardinal,False
нулі нулю,prepositional,,singular,0,-1,cardinal,False
нулях,prepositional,,plural,0,-1,cardinal,False
нульовий,nominative,masculine,singular,0,-1,ordinal,False
нульова,nominative,feminine,singular,0,-1,ordinal,False
нульове,nominative,neuter,singular,0,-1,ordinal,False
нульові,nominative,,plural,0,-1,ordinal,False
нульового,genetive,masculine,singular,0,-1,ordinal,False
нульової,genetive,feminine,singular,0,-1,ordinal,False
нульового,genetive,neuter,singular,0,-1,ordinal,False
нульових,genetive,,plural,0,-1,ordinal,False
нульовому,dative,masculine,singular,0,-1,ordinal,False
нульовій,dative,feminine,singular,0,-1,ordinal,False
нульовому,dative,neuter,singular,0,-1,ordinal,False
нульовим,dative,,plural,0,-1,ordinal,False
нульовий нульового,accusative,masculine,singular,0,-1,ordinal,False
нульову,accusative,feminine,singular,0,-1,ordinal,False
нульове,accusative,neuter,singular,0,-1,ordinal,False
нульові нульових,accusative,,plural,0,-1,ordinal,False
нульовим,instrumental,masculine,singular,0,-1,ordinal,False
нульовою,instrumental,feminine,singular,0,-1,ordinal,False
нульовим,instrumental,neuter,singular,0,-1,ordinal,False
нульовими,instrumental,,plural,0,-1,ordinal,False
нульовому нульовім,prepositional,masculine,singular,0,-1,ordinal,False
нульовій,prepositional,feminine,singular,0,-1,ordinal,False
нульовому нульовім,prepositional,neuter,singular,0,-1,ordinal,False
нульових,prepositional,,plural,0,-1,ordinal,False
один,nominative,masculine,singular,1,0,cardinal,False
одна,nominative,feminine,singular,1,0,cardinal,False
одне одно,nominative,neuter,singular,1,0,cardinal,False
одні,nominative,,plural,1,0,cardinal,False
одного,genetive,masculine,singular,1,0,cardinal,False
однієї одної,genetive,feminine,singular,1,0,cardinal,False
одного,genetive,neuter,singular,1,0,cardinal,False
одних,genetive,,plural,1,0,cardinal,False
одному,dative,masculine,singular,1,0,cardinal,False
одній,dative,feminine,singular,1,0,cardinal,False
одному,dative,neuter,singular,1,0,cardinal,False
одним,dative,,plural,1,0,cardinal,False
один одного,accusative,masculine,singular,1,0,cardinal,False
одну,accusative,feminine,singular,1,0,cardinal,False
одне,accusative,neuter,singular,1,0,cardinal,False
одні одних,accusative,,plural,1,0,cardinal,False
одним,instrumental,masculine,singular,1,0,cardinal,False
однією одною,instrumental,feminine,singular,1,0,cardinal,False
одним,instrumental,neuter,singular,1,0,cardinal,False
одними,instrumental,,plural,1,0,cardinal,False
одному однім,prepositional,masculine,singular,1,0,cardinal,False
одній,prepositional,feminine,singular,1,0,cardinal,False
одному однім,prepositional,neuter,singular,1,0,cardinal,False
одних,prepositional,,plural,1,0,cardinal,False
перший,nominative,masculine,singular,1,0,ordinal,False
перша,nominative,feminine,singular,1,0,ordinal,False
перше,nominative,neuter,singular,1,0,ordinal,False
перші,nominative,,plural,1,0,ordinal,False
першого,genetive,masculine,singular,1,0,ordinal,False
першої,genetive,feminine,singular,1,0,ordinal,False
першого,genetive,neuter,singular,1,0,ordinal,False
перших,genetive,,plural,1,0,ordinal,False
першому,dative,masculine,singular,1,0,ordinal,False
першій,dative,feminine,singular,1,0,ordinal,False
першому,dative,neuter,singular,1,0,ordinal,False
першим,dative,,plural,1,0,ordinal,False
перший першого,accusative,masculine,singular,1,0,ordinal,False
першу,accusative,feminine,singular,1,0,ordinal,False
перше,accusative,neuter,singular,1,0,ordinal,False
перші перших,accusative,,plural,1,0,ordinal,False
першим,instrumental,masculine,singular,1,0,ordinal,False
першою,instrumental,feminine,singular,1,0,ordinal,False
першим,instrumental,neuter,singular,1,0,ordinal,False
першими,instrumental,,plural,1,0,ordinal,False
першому першім,prepositional,masculine,singular,1,0,ordinal,False
першій,prepositional,feminine,singular,1,0,ordinal,False
першому першім,prepositional,neuter,singular,1,0,ordinal,False
перших,prepositional,,plural,1,0,ordinal,False
два,nominative,masculine,plural,2,0,cardinal,False
двоє,nominative,,plural,2,0,collective,False
дві,nominative,feminine,plural,2,0,cardinal,False
два,nominative,neuter,plural,2,0,cardinal,False
двох,genetive,,plural,2,0,cardinal,False
двом,dative,,plural,2,0,cardinal,False
два двох,accusative,masculine,plural,2,0,cardinal,False
дві двох,accusative,feminine,plural,2,0,cardinal,False
два двох,accusative,neuter,plural,2,0,cardinal,False
двома,instrumental,,plural,2,0,cardinal,False
двох,prepositional,,plural,2,0,cardinal,False
другий,nominative,masculine,singular,2,0,ordinal,False
друга,nominative,feminine,singular,2,0,ordinal,False
друге,nominative,neuter,singular,2,0,ordinal,False
другі,nominative,,plural,2,0,ordinal,False
другого,genetive,masculine,singular,2,0,ordinal,False
другої,genetive,feminine,singular,2,0,ordinal,False
другого,genetive,neuter,singular,2,0,ordinal,False
других,genetive,,plural,2,0,ordinal,False
другому,dative,masculine,singular,2,0,ordinal,False
другій,dative,feminine,singular,2,0,ordinal,False
другому,dative,neuter,singular,2,0,ordinal,False
другим,dative,,plural,2,0,ordinal,False
другий другого,accusative,masculine,singular,2,0,ordinal,False
другу,accusative,feminine,singular,2,0,ordinal,False
друге,accusative,neuter,singular,2,0,ordinal,False
другі других,accusative,,plural,2,0,ordinal,False
другим,instrumental,masculine,singular,2,0,ordinal,False
другою,instrumental,feminine,singular,2,0,ordinal,False
другим,instrumental,neuter,singular,2,0,ordinal,False
другими,instrumental,,plural,2,0,ordinal,False
другому другім,prepositional,masculine,singular,2,0,ordinal,False
другій,prepositional,feminine,singular,2,0,ordinal,False
другому другім,prepositional,neuter,singular,2,0,ordinal,False
других,prepositional,,plural,2,0,ordinal,False
двох,genetive,masculine,,2,0,cardinal,False
двох,genetive,feminine,,2,0,cardinal,False
двом,dative,masculine,,2,0,cardinal,False
двом,dative,feminine,,2,0,cardinal,False
двома,instrumental,masculine,,2,0,cardinal,False
двома,instrumental,feminine,,2,0,cardinal,False
двох,prepositional,masculine,,2,0,cardinal,False
двох,prepositional,feminine,,2,0,cardinal,False
двох,genetive,neuter,,2,0,cardinal,False
двом,dative,neuter,,2,0,cardinal,False
двома,instrumental,neuter,,2,0,cardinal,False
двох,prepositional,neuter,,2,0,cardinal,False
три,nominative,,plural,3,0,cardinal,False
троє,nominative,,plural,3,0,collective,False
трьох,genetive,,plural,3,0,cardinal,False
трьом,dative,,plural,3,0,cardinal,False
три трьох,accusative,,plural,3,0,cardinal,False
троє трьох,accusative,,plural,3,0,collective,False
трьома,instrumental,,plural,3,0,cardinal,False
трьох,prepositional,,plural,3,0,cardinal,False
третій,nominative,masculine,singular,3,0,ordinal,False
третя,nominative,feminine,singular,3,0,ordinal,False
третє,nominative,neuter,singular,3,0,ordinal,False
треті,nominative,,plural,3,0,ordinal,False
третього,genetive,masculine,singular,3,0,ordinal,False
третьої,genetive,feminine,singular,3,0,ordinal,False
третього,genetive,neuter,singular,3,0,ordinal,False
третіх,genetive,,plural,3,0,ordinal,False
третьому,dative,masculine,singular,3,0,ordinal,False
третій,dative,feminine,singular,3,0,ordinal,False
третьому,dative,neuter,singular,3,0,ordinal,False
третім,dative,,plural,3,0,ordinal,False
третій третього,accusative,masculine,singular,3,0,ordinal,False
третю,accusative,feminine,singular,3,0,ordinal,False
третє,accusative,neuter,singular,3,0,ordinal,False
треті третіх,accusative,,plural,3,0,ordinal,False
третім,instrumental,masculine,singular,3,0,ordinal,False
третьою,instrumental,feminine,singular,3,0,ordinal,False
третім,instrumental,neuter,singular,3,0,ordinal,False
третіми,instrumental,,plural,3,0,ordinal,False
третьому третім,prepositional,masculine,singular,3,0,ordinal,False
третій,prepositional,feminine,singular,3,0,ordinal,False
третьому третім,prepositional,neuter,singular,3,0,ordinal,False
третіх,prepositional,,plural,3,0,ordinal,False
чотири,nominative,,plural,4,0,cardinal,False
четверо,nominative,,plural,4,0,collective,False
чотирьох,genetive,,plural,4,0,cardinal,False
чотирьом,dative,,plural,4,0,cardinal,False
чотири чотирьох,accusative,,plural,4,0,cardinal,False
чотирма,instrumental,,plural,4,0,cardinal,False
чотирьох,prepositional,,plural,4,0,cardinal,False
четвертий,nominative,masculine,singular,4,0,ordinal,False
четверта,nominative,feminine,singular,4,0,ordinal,False
четверте,nominative,neuter,singular,4,0,ordinal,False
четверті,nominative,,plural,4,0,ordinal,False
четвертого,genetive,masculine,singular,4,0,ordinal,False
четвертої,genetive,feminine,singular,4,0,ordinal,False
четвертого,genetive,neuter,singular,4,0,ordinal,False
четвертих,genetive,,plural,4,0,ordinal,False
четвертому,dative,masculine,singular,4,0,ordinal,False
четвертій,dative,feminine,singular,4,0,ordinal,False
четвертому,dative,neuter,singular,4,0,ordinal,False
четвертим,dative,,plural,4,0,ordinal,False
четвертий четвертого,accusative,masculine,singular,4,0,ordinal,False
четверту,accusative,feminine,singular,4,0,ordinal,False
четверте,accusative,neuter,singular,4,0,ordinal,False
четверті четвертих,accusative,,plural,4,0,ordinal,False
четвертим,instrumental,masculine,singular,4,0,ordinal,False
четвертою,instrumental,feminine,singular,4,0,ordinal,False
четвертим,instrumental,neuter,singular,4,0,ordinal,False
четвертими,instrumental,,plural,4,0,ordinal,False
четвертому четвертім,prepositional,masculine,singular,4,0,ordinal,False
четвертій,prepositional,feminine,singular,4,0,ordinal,False
четвертому четвертім,prepositional,neuter,singular,4,0,ordinal,False
четвертих,prepositional,,plural,4,0,ordinal,False
п’ять,nominative,,plural,5,0,cardinal,False
п’ятеро,nominative,,plural,5,0,collective,False
п’яти п’ятьох,genetive,,plural,5,0,cardinal,False
п’яти п’ятьом,dative,,plural,5,0,cardinal,False
п’ять п’ятьох,accusative,,plural,5,0,cardinal,False
п’ятьма п’ятьома,instrumental,,plural,5,0,cardinal,False
п’яти п’ятьох,prepositional,,plural,5,0,cardinal,False
п’ятий,nominative,masculine,singular,5,0,ordinal,False
п’ята,nominative,feminine,singular,5,0,ordinal,False
п’яте,nominative,neuter,singular,5,0,ordinal,False
п’яті,nominative,,plural,5,0,ordinal,False
п’ятого,genetive,masculine,singular,5,0,ordinal,False
п’ятої,genetive,feminine,singular,5,0,ordinal,False
п’ятого,genetive,neuter,singular,5,0,ordinal,False
п’ятих,genetive,,plural,5,0,ordinal,False
п’ятому,dative,masculine,singular,5,0,ordinal,False
п’ятій,dative,feminine,singular,5,0,ordinal,False
п’ятому,dative,neuter,singular,5,0,ordinal,False
п’ятим,dative,,plural,5,0,ordinal,False
п’ятий п’ятого,accusative,masculine,singular,5,0,ordinal,False
п’яту,accusative,feminine,singular,5,0,ordinal,False
п’яте,accusative,neuter,singular,5,0,ordinal,False
п’яті п’ятих,accusative,,plural,5,0,ordinal,False
п’ятим,instrumental,masculine,singular,5,0,ordinal,False
п’ятою,instrumental,feminine,singular,5,0,ordinal,False
п’ятим,instrumental,neuter,singular,5,0,ordinal,False
п’ятими,instrumental,,plural,5,0,ordinal,False
п’ятому п’ятім,prepositional,masculine,singular,5,0,ordinal,False
п’ятій,prepositional,feminine,singular,5,0,ordinal,False
п’ятому п’ятім,prepositional,neuter,singular,5,0,ordinal,False
п’ятих,prepositional,,plural,5,0,ordinal,False
шість,nominative,,plural,6,0,cardinal,False
шестеро,nominative,,plural,6,0,collective,False
шести шістьох,genetive,,plural,6,0,cardinal,False
шести шістьом,dative,,plural,6,0,cardinal,False
шість шістьох,accusative,,plural,6,0,cardinal,False
шістьма шістьома,instrumental,,plural,6,0,cardinal,False
шести шістьох,prepositional,,plural,6,0,cardinal,False
шостий,nominative,masculine,singular,6,0,ordinal,False
шоста,nominative,feminine,singular,6,0,ordinal,False
шосте,nominative,neuter,singular,6,0,ordinal,False
шості,nominative,,plural,6,0,ordinal,False
шостого,genetive,masculine,singular,6,0,ordinal,False
шостої,genetive,feminine,singular,6,0,ordinal,False
шостого,genetive,neuter,singular,6,0,ordinal,False
шостих,genetive,,plural,6,0,ordinal,False
шостому,dative,masculine,singular,6,0,ordinal,False
шостій,dative,feminine,singular,6,0,ordinal,False
шостому,dative,neuter,singular,6,0,ordinal,False
шостим,dative,,plural,6,0,ordinal,False
шостий шостого,accusative,masculine,singular,6,0,ordinal,False
шосту,accusative,feminine,singular,6,0,ordinal,False
шосте,accusative,neuter,singular,6,0,ordinal,False
шості шостих,accusative,,plural,6,0,ordinal,False
шостим,instrumental,masculine,singular,6,0,ordinal,False
шостою,instrumental,feminine,singular,6,0,ordinal,False
шостим,instrumental,neuter,singular,6,0,ordinal,False
шостими,instrumental,,plural,6,0,ordinal,False
шостому шостім,prepositional,masculine,singular,6,0,ordinal,False
шостій,prepositional,feminine,singular,6,0,ordinal,False
шостому шостім,prepositional,neuter,singular,6,0,ordinal,False
шостих,prepositional,,plural,6,0,ordinal,False
сім,nominative,,plural,7,0,cardinal,False
семеро,nominative,,plural,7,0,collective,False
семи сімох,genetive,,plural,7,0,cardinal,False
семи сімом,dative,,plural,7,0,cardinal,False
сім сімох,accusative,,plural,7,0,cardinal,False
сімома сьома,instrumental,,plural,7,0,cardinal,False
семи сімох,prepositional,,plural,7,0,cardinal,False
сьомий,nominative,masculine,singular,7,0,ordinal,False
сьома,nominative,feminine,singular,7,0,ordinal,False
сьоме,nominative,neuter,singular,7,0,ordinal,False
сьомі,nominative,,plural,7,0,ordinal,False
сьомого,genetive,masculine,singular,7,0,ordinal,False
сьомої,genetive,feminine,singular,7,0,ordinal,False
сьомого,genetive,neuter,singular,7,0,ordinal,False
сьомих,genetive,,plural,7,0,ordinal,False
сьомому,dative,masculine,singular,7,0,ordinal,False
сьомій,dative,feminine,singular,7,0,ordinal,False
сьомому,dative,neuter,singular,7,0,ordinal,False
сьомим,dative,,plural,7,0,ordinal,False
сьомий сьомого,accusative,masculine,singular,7,0,ordinal,False
сьому,accusative,feminine,singular,7,0,ordinal,False
сьоме,accusative,neuter,singular,7,0,ordinal,False
сьомі сьомих,accusative,,plural,7,0,ordinal,False
сьомим,instrumental,masculine,singular,7,0,ordinal,False
сьомою,instrumental,feminine,singular,7,0,ordinal,False
сьомим,instrumental,neuter,singular,7,0,ordinal,False
сьомими,instrumental,,plural,7,0,ordinal,False
сьомому сьомім,prepositional,masculine,singular,7,0,ordinal,False
сьомій,prepositional,feminine,singular,7,0,ordinal,False
сьомому сьомім,prepositional,neuter,singular,7,0,ordinal,False
сьомих,prepositional,,plural,7,0,ordinal,False
вісім,nominative,,plural,8,0,cardinal,False
восьмеро,nominative,,plural,8,0,collective,False
восьми вісьмох,genetive,,plural,8,0,cardinal,False
восьми вісьмом,dative,,plural,8,0,cardinal,False
вісім вісьмох,accusative,,plural,8,0,cardinal,False
вісьма вісьмома,instrumental,,plural,8,0,cardinal,False
восьми вісьмох,prepositional,,plural,8,0,cardinal,False
восьмий,nominative,masculine,singular,8,0,ordinal,False
восьма,nominative,feminine,singular,8,0,ordinal,False
восьме,nominative,neuter,singular,8,0,ordinal,False
восьмі,nominative,,plural,8,0,ordinal,False
восьмого,genetive,masculine,singular,8,0,ordinal,False
восьмої,genetive,feminine,singular,8,0,ordinal,False
восьмого,genetive,neuter,singular,8,0,ordinal,False
восьмих,genetive,,plural,8,0,ordinal,False
восьмому,dative,masculine,singular,8,0,ordinal,False
восьмій,dative,feminine,singular,8,0,ordinal,False
восьмому,dative,neuter,singular,8,0,ordinal,False
восьмим,dative,,plural,8,0,ordinal,False
восьмий восьмого,accusative,masculine,singular,8,0,ordinal,False
восьму,accusative,feminine,singular,8,0,ordinal,False
восьме,accusative,neuter,singular,8,0,ordinal,False
восьмі восьмих,accusative,,plural,8,0,ordinal,False
восьмим,instrumental,masculine,singular,8,0,ordinal,False
восьмою,instrumental,feminine,singular,8,0,ordinal,False
восьмим,instrumental,neuter,singular,8,0,ordinal,False
восьмими,instrumental,,plural,8,0,ordinal,False
восьмому восьмім,prepositional,masculine,singular,8,0,ordinal,False
восьмій,prepositional,feminine,singular,8,0,ordinal,False
восьмому восьмім,prepositional,neuter,singular,8,0,ordinal,False
восьмих,prepositional,,plural,8,0,ordinal,False
дев’ять,nominative,,plural,9,0,cardinal,False
дев’ятеро,nominative,,plural,9,0,collective,False
дев’яти дев’ятьох,genetive,,plural,9,0,cardinal,False
дев’яти дев’ятьом,dative,,plural,9,0,cardinal,False
дев’ять дев’ятьох,accusative,,plural,9,0,cardinal,False
дев’ятьма дев’ятьома,instrumental,,plural,9,0,cardinal,False
дев’яти дев’ятьох,prepositional,,plural,9,0,cardinal,False
дев’ятий,nominative,masculine,singular,9,0,ordinal,False
дев’ята,nominative,feminine,singular,9,0,ordinal,False
дев’яте,nominative,neuter,singular,9,0,ordinal,False
дев’яті,nominative,,plural,9,0,ordinal,False
дев’ятого,genetive,masculine,singular,9,0,ordinal,False
дев’ятої,genetive,feminine,singular,9,0,ordinal,False
дев’ятого,genetive,neuter,singular,9,0,ordinal,False
дев’ятих,genetive,,plural,9,0,ordinal,False
дев’ятому,dative,masculine,singular,9,0,ordinal,False
дев’ятій,dative,feminine,singular,9,0,ordinal,False
дев’ятому,dative,neuter,singular,9,0,ordinal,False
дев’ятим,dative,,plural,9,0,ordinal,False
дев’ятий дев’ятого,accusative,masculine,singular,9,0,ordinal,False
дев’яту,accusative,feminine,singular,9,0,ordinal,False
дев’яте,accusative,neuter,singular,9,0,ordinal,False
дев’яті дев’ятих,accusative,,plural,9,0,ordinal,False
дев’ятим,instrumental,masculine,singular,9,0,ordinal,False
дев’ятою,instrumental,feminine,singular,9,0,ordinal,False
дев’ятим,instrumental,neuter,singular,9,0,ordinal,False
дев’ятими,instrumental,,plural,9,0,ordinal,False
дев’ятому дев’ятім,prepositional,masculine,singular,9,0,ordinal,False
дев’ятій,prepositional,feminine,singular,9,0,ordinal,False
дев’ятому дев’ятім,prepositional,neuter,singular,9,0,ordinal,False
дев’ятих,prepositional,,plural,9,0,ordinal,False
десять,nominative,,plural,10,1,cardinal,False
десятеро,nominative,,plural,10,1,collective,False
десяти десятьох,genetive,,plural,10,1,cardinal,False
десяти десятьом,dative,,plural,10,1,cardinal,False
десять десятьох,accusative,,plural,10,1,cardinal,False
десятьма десятьома,instrumental,,plural,10,1,cardinal,False
десяти десятьох,prepositional,,plural,10,1,cardinal,False
десятий,nominative,masculine,singular,10,1,ordinal,False
десята,nominative,feminine,singular,10,1,ordinal,False
десяте,nominative,neuter,singular,10,1,ordinal,False
десяті,nominative,,plural,10,1,ordinal,False
десятого,genetive,masculine,singular,10,1,ordinal,False
десятої,genetive,feminine,singular,10,1,ordinal,False
десятого,genetive,neuter,singular,10,1,ordinal,False
десятих,genetive,,plural,10,1,ordinal,False
десятому,dative,masculine,singular,10,1,ordinal,False
десятій,dative,feminine,singular,10,1,ordinal,False
десятому,dative,neuter,singular,10,1,ordinal,False
десятим,dative,,plural,10,1,ordinal,False
десятий десятого,accusative,masculine,singular,10,1,ordinal,False
десяту,accusative,feminine,singular,10,1,ordinal,False
десяте,accusative,neuter,singular,10,1,ordinal,False
десяті десятих,accusative,,plural,10,1,ordinal,False
десятим,instrumental,masculine,singular,10,1,ordinal,False
десятою,instrumental,feminine,singular,10,1,ordinal,False
десятим,instrumental,neuter,singular,10,1,ordinal,False
десятими,instrumental,,plural,10,1,ordinal,False
десятому десятім,prepositional,masculine,singular,10,1,ordinal,False
десятій,prepositional,feminine,singular,10,1,ordinal,False
десятому десятім,prepositional,neuter,singular,10,1,ordinal,False
десятих,prepositional,,plural,10,1,ordinal,False
десяток,nominative,,singular,1E+1,1,collective,True
десятки,nominative,,plural,1E+1,1,collective,True
десятка,genetive,,singular,1E+1,1,collective,True
десятків,genetive,,plural,1E+1,1,collective,True
десяткові десятку,dative,,singular,1E+1,1,collective,True
десяткам,dative,,plural,1E+1,1,collective,True
десяток,accusative,,singular,1E+1,1,collective,True
десятки,accusative,,plural,1E+1,1,collective,True
десятком,instrumental,,singular,1E+1,1,collective,True
десятками,instrumental,,plural,1E+1,1,collective,True
десятку,prepositional,,singular,1E+1,1,collective,True
десятках,prepositional,,plural,1E+1,1,collective,True
одинадцять,nominative,,plural,11,1,cardinal,False
одинадцятеро,nominative,,plural,11,1,collective,False
одинадцяти одинадцятьох,genetive,,plural,11,1,cardinal,False
одинадцяти одинадцятьом,dative,,plural,11,1,cardinal,False
одинадцять одинадцятьох,accusative,,plural,11,1,cardinal,False
одинадцятьма одинадцятьома,instrumental,,plural,11,1,cardinal,False
одинадцяти одинадцятьох,prepositional,,plural,11,1,cardinal,False
одинадцятий,nominative,masculine,singular,11,1,ordinal,False
одинадцята,nominative,feminine,singular,11,1,ordinal,False
одинадцяте,nominative,neuter,singular,11,1,ordinal,False
одинадцяті,nominative,,plural,11,1,ordinal,False
одинадцятого,genetive,masculine,singular,11,1,ordinal,False
одинадцятої,genetive,feminine,singular,11,1,ordinal,False
одинадцятого,genetive,neuter,singular,11,1,ordinal,False
одинадцятих,genetive,,plural,11,1,ordinal,False
одинадцятому,dative,masculine,singular,11,1,ordinal,False
одинадцятій,dative,feminine,singular,11,1,ordinal,False
одинадцятому,dative,neuter,singular,11,1,ordinal,False
одинадцятим,dative,,plural,11,1,ordinal,False
одинадцятий одинадцятого,accusative,masculine,singular,11,1,ordinal,False
одинадцяту,accusative,feminine,singular,11,1,ordinal,False
одинадцяте,accusative,neuter,singular,11,1,ordinal,False
одинадцяті одинадцятих,accusative,,plural,11,1,ordinal,False
одинадцятим,instrumental,masculine,singular,11,1,ordinal,False
одинадцятою,instrumental,feminine,singular,11,1,ordinal,False
одинадцятим,instrumental,neuter,singular,11,1,ordinal,False
одинадцятими,instrumental,,plural,11,1,ordinal,False
одинадцятому одинадцятім,prepositional,masculine,singular,11,1,ordinal,False
одинадцятій,prepositional,feminine,singular,11,1,ordinal,False
одинадцятому одинадцятім,prepositional,neuter,singular,11,1,ordinal,False
одинадцятих,prepositional,,plural,11,1,ordinal,False
дванадцять,nominative,,plural,12,1,cardinal,False
дванадцятеро,nominative,,plural,12,1,collective,False
дванадцяти дванадцятьох,genetive,,plural,12,1,cardinal,False
дванадцяти дванадцятьом,dative,,plural,12,1,cardinal,False
дванадцять дванадцятьох,accusative,,plural,12,1,cardinal,False
дванадцятьма дванадцятьома,instrumental,,plural,12,1,cardinal,False
дванадцяти дванадцятьох,prepositional,,plural,12,1,cardinal,False
дванадцятий,nominative,masculine,singular,12,1,ordinal,False
дванадцята,nominative,feminine,singular,12,1,ordinal,False
дванадцяте,nominative,neuter,singular,12,1,ordinal,False
дванадцяті,nominative,,plural,12,1,ordinal,False
дванадцятого,genetive,masculine,singular,12,1,ordinal,False
дванадцятої,genetive,feminine,singular,12,1,ordinal,False
дванадцятого,genetive,neuter,singular,12,1,ordinal,False
дванадцятих,genetive,,plural,12,1,ordinal,False
дванадцятому,dative,masculine,singular,12,1,ordinal,False
дванадцятій,dative,feminine,singular,12,1,ordinal,False
дванадцятому,dative,neuter,singular,12,1,ordinal,False
дванадцятим,dative,,plural,12,1,ordinal,False
дванадцятий дванадцятого,accusative,masculine,singular,12,1,ordinal,False
дванадцяту,accusative,feminine,singular,12,1,ordinal,False
дванадцяте,accusative,neuter,singular,12,1,ordinal,False
дванадцяті дванадцятих,accusative,,plural,12,1,ordinal,False
дванадцятим,instrumental,masculine,singular,12,1,ordinal,False
дванадцятою,instrumental,feminine,singular,12,1,ordinal,False
дванадцятим,instrumental,neuter,singular,12,1,ordinal,False
дванадцятими,instrumental,,plural,12,1,ordinal,False
дванадцятому дванадцятім,prepositional,masculine,singular,12,1,ordinal,False
дванадцятій,prepositional,feminine,singular,12,1,ordinal,False
дванадцятому дванадцятім,prepositional,neuter,singular,12,1,ordinal,False
дванадцятих,prepositional,,plural,12,1,ordinal,False
тринадцять,nominative,,plural,13,1,cardinal,False
тринадцятеро,nominative,,plural,13,1,collective,False
тринадцяти тринадцятьох,genetive,,plural,13,1,cardinal,False
тринадцяти тринадцятьом,dative,,plural,13,1,cardinal,False
тринадцять тринадцятьох,accusative,,plural,13,1,cardinal,False
тринадцятьма тринадцятьома,instrumental,,plural,13,1,cardinal,False
тринадцяти тринадцятьох,prepositional,,plural,13,1,cardinal,False
тринадцятий,nominative,masculine,singular,13,1,ordinal,False
тринадцята,nominative,feminine,singular,13,1,ordinal,False
тринадцяте,nominative,neuter,singular,13,1,ordinal,False
тринадцяті,nominative,,plural,13,1,ordinal,False
тринадцятого,genetive,masculine,singular,13,1,ordinal,False
тринадцятої,genetive,feminine,singular,13,1,ordinal,False
тринадцятого,genetive,neuter,singular,13,1,ordinal,False
тринадцятих,genetive,,plural,13,1,ordinal,False
тринадцятому,dative,masculine,singular,13,1,ordinal,False
тринадцятій,dative,feminine,singular,13,1,ordinal,False
тринадцятому,dative,neuter,singular,13,1,ordinal,False
тринадцятим,dative,,plural,13,1,ordinal,False
тринадцятий тринадцятого,accusative,masculine,singular,13,1,ordinal,False
тринадцяту,accusative,feminine,singular,13,1,ordinal,False
тринадцяте,accusative,neuter,singular,13,1,ordinal,False
тринадцяті тринадцятих,accusative,,plural,13,1,ordinal,False
тринадцятим,instrumental,masculine,singular,13,1,ordinal,False
тринадцятою,instrumental,feminine,singular,13,1,ordinal,False
тринадцятим,instrumental,neuter,singular,13,1,ordinal,False
тринадцятими,instrumental,,plural,13,1,ordinal,False
тринадцятому тринадцятім,prepositional,masculine,singular,13,1,ordinal,False
тринадцятій,prepositional,feminine,singular,13,1,ordinal,False
тринадцятому тринадцятім,prepositional,neuter,singular,13,1,ordinal,False
тринадцятих,prepositional,,plural,13,1,ordinal,False
чотирнадцять,nominative,,plural,14,1,cardinal,False
чотирнадцятеро,nominative,,plural,14,1,collective,False
чотирнадцяти чотирнадцятьох,genetive,,plural,14,1,cardinal,False
чотирнадцяти чотирнадцятьом,dative,,plural,14,1,cardinal,False
чотирнадцять чотирнадцятьох,accusative,,plural,14,1,cardinal,False
чотирнадцятьма чотирнадцятьома,instrumental,,plural,14,1,cardinal,False
чотирнадцяти чотирнадцятьох,prepositional,,plural,14,1,cardinal,False
чотирнадцятий,nominative,masculine,singular,14,1,ordinal,False
чотирнадцята,nominative,feminine,singular,14,1,ordinal,False
чотирнадцяте,nominative,neuter,singular,14,1,ordinal,False
чотирнадцяті,nominative,,plural,14,1,ordinal,False
чотирнадцятого,genetive,masculine,singular,14,1,ordinal,False
чотирнадцятої,genetive,feminine,singular,14,1,ordinal,False
чотирнадцятого,genetive,neuter,singular,14,1,ordinal,False
чотирнадцятих,genetive,,plural,14,1,ordinal,False
чотирнадцятому,dative,masculine,singular,14,1,ordinal,False
чотирнадцятій,dative,feminine,singular,14,1,ordinal,False
чотирнадцятому,dative,neuter,singular,14,1,ordinal,False
чотирнадцятим,dative,,plural,14,1,ordinal,False
чотирнадцятий чотирнадцятого,accusative,masculine,singular,14,1,ordinal,False
чотирнадцяту,accusative,feminine,singular,14,1,ordinal,False
чотирнадцяте,accusative,neuter,singular,14,1,ordinal,False
чотирнадцяті чотирнадцятих,accusative,,plural,14,1,ordinal,False
чотирнадцятим,instrumental,masculine,singular,14,1,ordinal,False
чотирнадцятою,instrumental,feminine,singular,14,1,ordinal,False
чотирнадцятим,instrumental,neuter,singular,14,1,ordinal,False
чотирнадцятими,instrumental,,plural,14,1,ordinal,False
чотирнадцятому чотирнадцятім,prepositional,masculine,singular,14,1,ordinal,False
чотирнадцятій,prepositional,feminine,singular,14,1,ordinal,False
чотирнадцятому чотирнадцятім,prepositional,neuter,singular,14,1,ordinal,False
чотирнадцятих,prepositional,,plural,14,1,ordinal,False
п’ятнадцять,nominative,,plural,15,1,cardinal,False
п’ятнадцятеро,nominative,,plural,15,1,collective,False
п’ятнадцяти п’ятнадцятьох,genetive,,plural,15,1,cardinal,False
п’ятнадцяти п’ятнадцятьом,dative,,plural,15,1,cardinal,False
п’ятнадцять п’ятнадцятьох,accusative,,plural,15,1,cardinal,False
п’ятнадцятьма п’ятнадцятьома,instrumental,,plural,15,1,cardinal,False
п’ятнадцяти п’ятнадцятьох,prepositional,,plural,15,1,cardinal,False
п’ятнадцятий,nominative,masculine,singular,15,1,ordinal,False
п’ятнадцята,nominative,feminine,singular,15,1,ordinal,False
п’ятнадцяте,nominative,neuter,singular,15,1,ordinal,False
п’ятнадцяті,nominative,,plural,15,1,ordinal,False
п’ятнадцятого,genetive,masculine,singular,15,1,ordinal,False
п’ятнадцятої,genetive,feminine,singular,15,1,ordinal,False
п’ятнадцятого,genetive,neuter,singular,15,1,ordinal,False
п’ятнадцятих,genetive,,plural,15,1,ordinal,False
п’ятнадцятому,dative,masculine,singular,15,1,ordinal,False
п’ятнадцятій,dative,feminine,singular,15,1,ordinal,False
п’ятнадцятому,dative,neuter,singular,15,1,ordinal,False
п’ятнадцятим,dative,,plural,15,1,ordinal,False
п’ятнадцятий п’ятнадцятого,accusative,masculine,singular,15,1,ordinal,False
п’ятнадцяту,accusative,feminine,singular,15,1,ordinal,False
п’ятнадцяте,accusative,neuter,singular,15,1,ordinal,False
п’ятнадцяті п’ятнадцятих,accusative,,plural,15,1,ordinal,False
п’ятнадцятим,instrumental,masculine,singular,15,1,ordinal,False
п’ятнадцятою,instrumental,feminine,singular,15,1,ordinal,False
п’ятнадцятим,instrumental,neuter,singular,15,1,ordinal,False
п’ятнадцятими,instrumental,,plural,15,1,ordinal,False
п’ятнадцятому п’ятнадцятім,prepositional,masculine,singular,15,1,ordinal,False
п’ятнадцятій,prepositional,feminine,singular,15,1,ordinal,False
п’ятнадцятому п’ятнадцятім,prepositional,neuter,singular,15,1,ordinal,False
п’ятнадцятих,prepositional,,plural,15,1,ordinal,False
шістнадцять,nominative,,plural,16,1,cardinal,False
шістнадцятеро,nominative,,plural,16,1,collective,False
шістнадцяти шістнадцятьох,genetive,,plural,16,1,cardinal,False
шістнадцяти шістнадцятьом,dative,,plural,16,1,cardinal,False
шістнадцять шістнадцятьох,accusative,,plural,16,1,cardinal,False
шістнадцятьма шістнадцятьома,instrumental,,plural,16,1,cardinal,False
шістнадцяти шістнадцятьох,prepositional,,plural,16,1,cardinal,False
шістнадцятий,nominative,masculine,singular,16,1,ordinal,False
шістнадцята,nominative,feminine,singular,16,1,ordinal,False
шістнадцяте,nominative,neuter,singular,16,1,ordinal,False
шістнадцяті,nominative,,plural,16,1,ordinal,False
шістнадцятого,genetive,masculine,singular,16,1,ordinal,False
шістнадцятої,genetive,feminine,singular,16,1,ordinal,False
шістнадцятого,genetive,neuter,singular,16,1,ordinal,False
шістнадцятих,genetive,,plural,16,1,ordinal,False
шістнадцятому,dative,masculine,singular,16,1,ordinal,False
шістнадцятій,dative,feminine,singular,16,1,ordinal,False
шістнадцятому,dative,neuter,singular,16,1,ordinal,False
шістнадцятим,dative,,plural,16,1,ordinal,False
шістнадцятий шістнадцятого,accusative,masculine,singular,16,1,ordinal,False
шістнадцяту,accusative,feminine,singular,16,1,ordinal,False
шістнадцяте,accusative,neuter,singular,16,1,ordinal,False
шістнадцяті шістнадцятих,accusative,,plural,16,1,ordinal,False
шістнадцятим,instrumental,masculine,singular,16,1,ordinal,False
шістнадцятою,instrumental,feminine,singular,16,1,ordinal,False
шістнадцятим,instrumental,neuter,singular,16,1,ordinal,False
шістнадцятими,instrumental,,plural,16,1,ordinal,False
шістнадцятому шістнадцятім,prepositional,masculine,singular,16,1,ordinal,False
шістнадцятій,prepositional,feminine,singular,16,1,ordinal,False
шістнадцятому шістнадцятім,prepositional,neuter,singular,16,1,ordinal,False
шістнадцятих,prepositional,,plural,16,1,ordinal,False
сімнадцять,nominative,,plural,17,1,cardinal,False
сімнадцятеро,nominative,,plural,17,1,collective,False
сімнадцяти сімнадцятьох,genetive,,plural,17,1,cardinal,False
сімнадцяти сімнадцятьом,dative,,plural,17,1,cardinal,False
сімнадцять сімнадцятьох,accusative,,plural,17,1,cardinal,False
сімнадцятьма сімнадцятьома,instrumental,,plural,17,1,cardinal,False
сімнадцяти сімнадцятьох,prepositional,,plural,17,1,cardinal,False
сімнадцятий,nominative,masculine,singular,17,1,ordinal,False
сімнадцята,nominative,feminine,singular,17,1,ordinal,False
сімнадцяте,nominative,neuter,singular,17,1,ordinal,False
сімнадцяті,nominative,,plural,17,1,ordinal,False
сімнадцятого,genetive,masculine,singular,17,1,ordinal,False
сімнадцятої,genetive,feminine,singular,17,1,ordinal,False
сімнадцятого,genetive,neuter,singular,17,1,ordinal,False
сімнадцятих,genetive,,plural,17,1,ordinal,False
сімнадцятому,dative,masculine,singular,17,1,ordinal,False
сімнадцятій,dative,feminine,singular,17,1,ordinal,False
сімнадцятому,dative,neuter,singular,17,1,ordinal,False
сімнадцятим,dative,,plural,17,1,ordinal,False
сімнадцятий сімнадцятого,accusative,masculine,singular,17,1,ordinal,False
сімнадцяту,accusative,feminine,singular,17,1,ordinal,False
сімнадцяте,accusative,neuter,singular,17,1,ordinal,False
сімнадцяті сімнадцятих,accusative,,plural,17,1,ordinal,False
сімнадцятим,instrumental,masculine,singular,17,1,ordinal,False
сімнадцятою,instrumental,feminine,singular,17,1,ordinal,False
сімнадцятим,instrumental,neuter,singular,17,1,ordinal,False
сімнадцятими,instrumental,,plural,17,1,ordinal,False
сімнадцятому сімнадцятім,prepositional,masculine,singular,17,1,ordinal,False
сімнадцятій,prepositional,feminine,singular,17,1,ordinal,False
сімнадцятому сімнадцятім,prepositional,neuter,singular,17,1,ordinal,False
сімнадцятих,prepositional,,plural,17,1,ordinal,False
вісімнадцять,nominative,,plural,18,1,cardinal,False
вісімнадцятеро,nominative,,plural,18,1,collective,False
вісімнадцяти вісімнадцятьох,genetive,,plural,18,1,cardinal,False
вісімнадцяти вісімнадцятьом,dative,,plural,18,1,cardinal,False
вісімнадцять вісімнадцятьох,accusative,,plural,18,1,cardinal,False
вісімнадцятьма вісімнадцятьома,instrumental,,plural,18,1,cardinal,False
вісімнадцяти вісімнадцятьох,prepositional,,plural,18,1,cardinal,False
вісімнадцятий,nominative,masculine,singular,18,1,ordinal,False
вісімнадцята,nominative,feminine,singular,18,1,ordinal,False
вісімнадцяте,nominative,neuter,singular,18,1,ordinal,False
вісімнадцяті,nominative,,plural,18,1,ordinal,False
вісімнадцятого,genetive,masculine,singular,18,1,ordinal,False
вісімнадцятої,genetive,feminine,singular,18,1,ordinal,False
вісімнадцятого,genetive,neuter,singular,18,1,ordinal,False
вісімнадцятих,genetive,,plural,18,1,ordinal,False
вісімнадцятому,dative,masculine,singular,18,1,ordinal,False
вісімнадцятій,dative,feminine,singular,18,1,ordinal,False
вісімнадцятому,dative,neuter,singular,18,1,ordinal,False
вісімнадцятим,dative,,plural,18,1,ordinal,False
вісімнадцятий вісімнадцятого,accusative,masculine,singular,18,1,ordinal,False
вісімнадцяту,accusative,feminine,singular,18,1,ordinal,False
вісімнадцяте,accusative,neuter,singular,18,1,ordinal,False
вісімнадцяті вісімнадцятих,accusative,,plural,18,1,ordinal,False
вісімнадцятим,instrumental,masculine,singular,18,1,ordinal,False
вісімнадцятою,instrumental,feminine,singular,18,1,ordinal,False
вісімнадцятим,instrumental,neuter,singular,18,1,ordinal,False
вісімнадцятими,instrumental,,plural,18,1,ordinal,False
вісімнадцятому вісімнадцятім,prepositional,masculine,singular,18,1,ordinal,False
вісімнадцятій,prepositional,feminine,singular,18,1,ordinal,False
вісімнадцятому вісімнадцятім,prepositional,neuter,singular,18,1,ordinal,False
вісімнадцятих,prepositional,,plural,18,1,ordinal,False
дев’ятнадцять,nominative,,plural,19,1,cardinal,False
дев’ятнадцятеро,nominative,,plural,19,1,collective,False
дев’ятнадцяти дев’ятнадцятьох,genetive,,plural,19,1,cardinal,False
дев’ятнадцяти дев’ятнадцятьом,dative,,plural,19,1,cardinal,False
дев’ятнадцять дев’ятнадцятьох,accusative,,plural,19,1,cardinal,False
дев’ятнадцятьма дев’ятнадцятьома,instrumental,,plural,19,1,cardinal,False
дев’ятнадцяти дев’ятнадцятьох,prepositional,,plural,19,1,cardinal,False
дев’ятнадцятий,nominative,masculine,singular,19,1,ordinal,False
дев’ятнадцята,nominative,feminine,singular,19,1,ordinal,False
дев’ятнадцяте,nominative,neuter,singular,19,1,ordinal,False
дев’ятнадцяті,nominative,,plural,19,1,ordinal,False
дев’ятнадцятого,genetive,masculine,singular,19,1,ordinal,False
дев’ятнадцятої,genetive,feminine,singular,19,1,ordinal,False
дев’ятнадцятого,genetive,neuter,singular,19,1,ordinal,False
дев’ятнадцятих,genetive,,plural,19,1,ordinal,False
дев’ятнадцятому,dative,masculine,singular,19,1,ordinal,False
дев’ятнадцятій,dative,feminine,singular,19,1,ordinal,False
дев’ятнадцятому,dative,neuter,singular,19,1,ordinal,False
дев’ятнадцятим,dative,,plural,19,1,ordinal,False
дев’ятнадцятий дев’ятнадцятого,accusative,masculine,singular,19,1,ordinal,False
дев’ятнадцяту,accusative,feminine,singular,19,1,ordinal,False
дев’ятнадцяте,accusative,neuter,singular,19,1,ordinal,False
дев’ятнадцяті дев’ятнадцятих,accusative,,plural,19,1,ordinal,False
дев’ятнадцятим,instrumental,masculine,singular,19,1,ordinal,False
дев’ятнадцятою,instrumental,feminine,singular,19,1,ordinal,False
дев’ятнадцятим,instrumental,neuter,singular,19,1,ordinal,False
дев’ятнадцятими,instrumental,,plural,19,1,ordinal,False
дев’ятнадцятому дев’ятнадцятім,prepositional,masculine,singular,19,1,ordinal,False
дев’ятнадцятій,prepositional,feminine,singular,19,1,ordinal,False
дев’ятнадцятому дев’ятнадцятім,prepositional,neuter,singular,19,1,ordinal,False
дев’ятнадцятих,prepositional,,plural,19,1,ordinal,False
двадцять,nominative,,plural,20,1,cardinal,False
двадцятеро,nominative,,plural,20,1,collective,False
двадцяти двадцятьох,genetive,,plural,20,1,cardinal,False
двадцяти двадцятьом,dative,,plural,20,1,cardinal,False
двадцять двадцятьох,accusative,,plural,20,1,cardinal,False
двадцятьма двадцятьома,instrumental,,plural,20,1,cardinal,False
двадцяти двадцятьох,prepositional,,plural,20,1,cardinal,False
двадцятий,nominative,masculine,singular,20,1,ordinal,False
двадцята,nominative,feminine,singular,20,1,ordinal,False
двадцяте,nominative,neuter,singular,20,1,ordinal,False
двадцяті,nominative,,plural,20,1,ordinal,False
двадцятого,genetive,masculine,singular,20,1,ordinal,False
двадцятої,genetive,feminine,singular,20,1,ordinal,False
двадцятого,genetive,neuter,singular,20,1,ordinal,False
двадцятих,genetive,,plural,20,1,ordinal,False
двадцятому,dative,masculine,singular,20,1,ordinal,False
двадцятій,dative,feminine,singular,20,1,ordinal,False
двадцятому,dative,neuter,singular,20,1,ordinal,False
двадцятим,dative,,plural,20,1,ordinal,False
двадцятий двадцятого,accusative,masculine,singular,20,1,ordinal,False
двадцяту,accusative,feminine,singular,20,1,ordinal,False
двадцяте,accusative,neuter,singular,20,1,ordinal,False
двадцяті двадцятих,accusative,,plural,20,1,ordinal,False
двадцятим,instrumental,masculine,singular,20,1,ordinal,False
двадцятою,instrumental,feminine,singular,20,1,ordinal,False
двадцятим,instrumental,neuter,singular,20,1,ordinal,False
двадцятими,instrumental,,plural,20,1,ordinal,False
двадцятому двадцятім,prepositional,masculine,singular,20,1,ordinal,False
двадцятій,prepositional,feminine,singular,20,1,ordinal,False
двадцятому двадцятім,prepositional,neuter,singular,20,1,ordinal,False
двадцятих,prepositional,,plural,20,1,ordinal,False
тридцять,nominative,,plural,30,1,cardinal,False
тридцятеро,nominative,,plural,30,1,collective,False
тридцяти тридцятьох,genetive,,plural,30,1,cardinal,False
тридцяти тридцятьом,dative,,plural,30,1,cardinal,False
тридцять тридцятьох,accusative,,plural,30,1,cardinal,False
тридцятьма тридцятьома,instrumental,,plural,30,1,cardinal,False
тридцяти тридцятьох,prepositional,,plural,30,1,cardinal,False
тридцятий,nominative,masculine,singular,30,1,ordinal,False
тридцята,nominative,feminine,singular,30,1,ordinal,False
тридцяте,nominative,neuter,singular,30,1,ordinal,False
тридцяті,nominative,,plural,30,1,ordinal,False
тридцятого,genetive,masculine,singular,30,1,ordinal,False
тридцятої,genetive,feminine,singular,30,1,ordinal,False
тридцятого,genetive,neuter,singular,30,1,ordinal,False
тридцятих,genetive,,plural,30,1,ordinal,False
тридцятому,dative,masculine,singular,30,1,ordinal,False
тридцятій,dative,feminine,singular,30,1,ordinal,False
тридцятому,dative,neuter,singular,30,1,ordinal,False
тридцятим,dative,,plural,30,1,ordinal,False
тридцятий тридцятого,accusative,masculine,singular,30,1,ordinal,False
тридцяту,accusative,feminine,singular,30,1,ordinal,False
тридцяте,accusative,neuter,singular,30,1,ordinal,False
тридцяті тридцятих,accusative,,plural,30,1,ordinal,False
тридцятим,instrumental,masculine,singular,30,1,ordinal,False
тридцятою,instrumental,feminine,singular,30,1,ordinal,False
тридцятим,instrumental,neuter,singular,30,1,ordinal,False
тридцятими,instrumental,,plural,30,1,ordinal,False
тридцятому тридцятім,prepositional,masculine,singular,30,1,ordinal,False
тридцятій,prepositional,feminine,singular,30,1,ordinal,False
тридцятому тридцятім,prepositional,neuter,singular,30,1,ordinal,False
тридцятих,prepositional,,plural,30,1,ordinal,False
сорок,nominative,,plural,40,1,cardinal,False
сорока,genetive,,plural,40,1,cardinal,False
сорока,dative,,plural,40,1,cardinal,False
сорок,accusative,,plural,40,1,cardinal,False
сорока,instrumental,,plural,40,1,cardinal,False
сорока,prepositional,,plural,40,1,cardinal,False
сороковий,nominative,masculine,singular,40,1,ordinal,False
сорокова,nominative,feminine,singular,40,1,ordinal,False
сорокове,nominative,neuter,singular,40,1,ordinal,False
сорокові,nominative,,plural,40,1,ordinal,False
сорокового,genetive,masculine,singular,40,1,ordinal,False
сорокової,genetive,feminine,singular,40,1,ordinal,False
сорокового,genetive,neuter,singular,40,1,ordinal,False
сорокових,genetive,,plural,40,1,ordinal,False
сороковому,dative,masculine,singular,40,1,ordinal,False
сороковій,dative,feminine,singular,40,1,ordinal,False
сороковому,dative,neuter,singular,40,1,ordinal,False
сороковим,dative,,plural,40,1,ordinal,False
сороковий сорокового,accusative,masculine,singular,40,1,ordinal,False
сорокову,accusative,feminine,singular,40,1,ordinal,False
сорокове,accusative,neuter,singular,40,1,ordinal,False
сорокові сорокових,accusative,,plural,40,1,ordinal,False
сороковим,instrumental,masculine,singular,40,1,ordinal,False
сороковою,instrumental,feminine,singular,40,1,ordinal,False
сороковим,instrumental,neuter,singular,40,1,ordinal,False
сороковими,instrumental,,plural,40,1,ordinal,False
сороковому сороковім,prepositional,masculine,singular,40,1,ordinal,False
сороковій,prepositional,feminine,singular,40,1,ordinal,False
сороковому сороковім,prepositional,neuter,singular,40,1,ordinal,False
сорокових,prepositional,,plural,40,1,ordinal,False
п’ятдесят,nominative,,plural,50,1,cardinal,False
п’ятдесяти п’ятдесятьох,genetive,,plural,50,1,cardinal,False
п’ятдесяти п’ятдесятьом,dative,,plural,50,1,cardinal,False
п’ятдесят п’ятдесятьох,accusative,,plural,50,1,cardinal,False
п’ятдесятьма п’ятдесятьома,instrumental,,plural,50,1,cardinal,False
п’ятдесяти п’ятдесятьох,prepositional,,plural,50,1,cardinal,False
п’ятдесятий,nominative,masculine,singular,50,1,ordinal,False
п’ятдесята,nominative,feminine,singular,50,1,ordinal,False
п’ятдесяте,nominative,neuter,singular,50,1,ordinal,False
п’ятдесяті,nominative,,plural,50,1,ordinal,False
п’ятдесятого,genetive,masculine,singular,50,1,ordinal,False
п’ятдесятої,genetive,feminine,singular,50,1,ordinal,False
п’ятдесятого,genetive,neuter,singular,50,1,ordinal,False
п’ятдесятих,genetive,,plural,50,1,ordinal,False
п’ятдесятому,dative,masculine,singular,50,1,ordinal,False
п’ятдесятій,dative,feminine,singular,50,1,ordinal,False
п’ятдесятому,dative,neuter,singular,50,1,ordinal,False
п’ятдесятим,dative,,plural,50,1,ordinal,False
п’ятдесятий п’ятдесятого,accusative,masculine,singular,50,1,ordinal,False
п’ятдесяту,accusative,feminine,singular,50,1,ordinal,False
п’ятдесяте,accusative,neuter,singular,50,1,ordinal,False
п’ятдесяті п’ятдесятих,accusative,,plural,50,1,ordinal,False
п’ятдесятим,instrumental,masculine,singular,50,1,ordinal,False
п’ятдесятою,instrumental,feminine,singular,50,1,ordinal,False
п’ятдесятим,instrumental,neuter,singular,50,1,ordinal,False
п’ятдесятими,instrumental,,plural,50,1,ordinal,False
п’ятдесятому п’ятдесятім,prepositional,masculine,singular,50,1,ordinal,False
п’ятдесятій,prepositional,feminine,singular,50,1,ordinal,False
п’ятдесятому п’ятдесятім,prepositional,neuter,singular,50,1,ordinal,False
п’ятдесятих,prepositional,,plural,50,1,ordinal,False
шістдесят,nominative,,plural,60,1,cardinal,False
шістдесяти шістдесятьох,genetive,,plural,60,1,cardinal,False
шістдесяти шістдесятьом,dative,,plural,60,1,cardinal,False
шістдесят шістдесятьох,accusative,,plural,60,1,cardinal,False
шістдесятьма шістдесятьома,instrumental,,plural,60,1,cardinal,False
шістдесяти шістдесятьох,prepositional,,plural,60,1,cardinal,False
шістдесятий,nominative,masculine,singular,60,1,ordinal,False
шістдесята,nominative,feminine,singular,60,1,ordinal,False
шістдесяте,nominative,neuter,singular,60,1,ordinal,False
шістдесяті,nominative,,plural,60,1,ordinal,False
шістдесятого,genetive,masculine,singular,60,1,ordinal,False
шістдесятої,genetive,feminine,singular,60,1,ordinal,False
шістдесятого,genetive,neuter,singular,60,1,ordinal,False
шістдесятих,genetive,,plural,60,1,ordinal,False
шістдесятому,dative,masculine,singular,60,1,ordinal,False
шістдесятій,dative,feminine,singular,60,1,ordinal,False
шістдесятому,dative,neuter,singular,60,1,ordinal,False
шістдесятим,dative,,plural,60,1,ordinal,False
шістдесятий шістдесятого,accusative,masculine,singular,60,1,ordinal,False
шістдесяту,accusative,feminine,singular,60,1,ordinal,False
шістдесяте,accusative,neuter,singular,60,1,ordinal,False
шістдесяті шістдесятих,accusative,,plural,60,1,ordinal,False
шістдесятим,instrumental,masculine,singular,60,1,ordinal,False
шістдесятою,instrumental,feminine,singular,60,1,ordinal,False
шістдесятим,instrumental,neuter,singular,60,1,ordinal,False
шістдесятими,instrumental,,plural,60,1,ordinal,False
шістдесятому шістдесятім,prepositional,masculine,singular,60,1,ordinal,False
шістдесятій,prepositional,feminine,singular,60,1,ordinal,False
шістдесятому шістдесятім,prepositional,neuter,singular,60,1,ordinal,False
шістдесятих,prepositional,,plural,60,1,ordinal,False
сімдесят,nominative,,plural,70,1,cardinal,False
сімдесяти сімдесятьох,genetive,,plural,70,1,cardinal,False
сімдесяти сімдесятьом,dative,,plural,70,1,cardinal,False
сімдесят сімдесятьох,accusative,,plural,70,1,cardinal,False
сімдесятьма сімдесятьома,instrumental,,plural,70,1,cardinal,False
сімдесяти сімдесятьох,prepositional,,plural,70,1,cardinal,False
сімдесятий,nominative,masculine,singular,70,1,ordinal,False
сімдесята,nominative,feminine,singular,70,1,ordinal,False
сімдесяте,nominative,neuter,singular,70,1,ordinal,False
сімдесяті,nominative,,plural,70,1,ordinal,False
сімдесятого,genetive,masculine,singular,70,1,ordinal,False
сімдесятої,genetive,feminine,singular,70,1,ordinal,False
сімдесятого,genetive,neuter,singular,70,1,ordinal,False
сімдесятих,genetive,,plural,70,1,ordinal,False
сімдесятому,dative,masculine,singular,70,1,ordinal,False
сімдесятій,dative,feminine,singular,70,1,ordinal,False
сімдесятому,dative,neuter,singular,70,1,ordinal,False
сімдесятим,dative,,plural,70,1,ordinal,False
сімдесятий сімдесятого,accusative,masculine,singular,70,1,ordinal,False
сімдесяту,accusative,feminine,singular,70,1,ordinal,False
сімдесяте,accusative,neuter,singular,70,1,ordinal,False
сімдесяті сімдесятих,accusative,,plural,70,1,ordinal,False
сімдесятим,instrumental,masculine,singular,70,1,ordinal,False
сімдесятою,instrumental,feminine,singular,70,1,ordinal,False
сімдесятим,instrumental,neuter,singular,70,1,ordinal,False
сімдесятими,instrumental,,plural,70,1,ordinal,False
сімдесятому сімдесятім,prepositional,masculine,singular,70,1,ordinal,False
сімдесятій,prepositional,feminine,singular,70,1,ordinal,False
сімдесятому сімдесятім,prepositional,neuter,singular,70,1,ordinal,False
сімдесятих,prepositional,,plural,70,1,ordinal,False
вісімдесят,nominative,,plural,80,1,cardinal,False
вісімдесяти вісімдесятьох,genetive,,plural,80,1,cardinal,False
вісімдесяти вісімдесятьом,dative,,plural,80,1,cardinal,False
вісімдесят вісімдесятьох,accusative,,plural,80,1,cardinal,False
вісімдесятьма вісімдесятьома,instrumental,,plural,80,1,cardinal,False
вісімдесяти вісімдесятьох,prepositional,,plural,80,1,cardinal,False
вісімдесятий,nominative,masculine,singular,80,1,ordinal,False
вісімдесята,nominative,feminine,singular,80,1,ordinal,False
вісімдесяте,nominative,neuter,singular,80,1,ordinal,False
вісімдесяті,nominative,,plural,80,1,ordinal,False
вісімдесятого,genetive,masculine,singular,80,1,ordinal,False
вісімдесятої,genetive,feminine,singular,80,1,ordinal,False
вісімдесятого,genetive,neuter,singular,80,1,ordinal,False
вісімдесятих,genetive,,plural,80,1,ordinal,False
вісімдесятому,dative,masculine,singular,80,1,ordinal,False
вісімдесятій,dative,feminine,singular,80,1,ordinal,False
вісімдесятому,dative,neuter,singular,80,1,ordinal,False
вісімдесятим,dative,,plural,80,1,ordinal,False
вісімдесятий вісімдесятого,accusative,masculine,singular,80,1,ordinal,False
вісімдесяту,accusative,feminine,singular,80,1,ordinal,False
вісімдесяте,accusative,neuter,singular,80,1,ordinal,False
вісімдесяті вісімдесятих,accusative,,plural,80,1,ordinal,False
вісімдесятим,instrumental,masculine,singular,80,1,ordinal,False
вісімдесятою,instrumental,feminine,singular,80,1,ordinal,False
вісімдесятим,instrumental,neuter,singular,80,1,ordinal,False
вісімдесятими,instrumental,,plural,80,1,ordinal,False
вісімдесятому вісімдесятім,prepositional,masculine,singular,80,1,ordinal,False
вісімдесятій,prepositional,feminine,singular,80,1,ordinal,False
вісімдесятому вісімдесятім,prepositional,neuter,singular,80,1,ordinal,False
вісімдесятих,prepositional,,plural,80,1,ordinal,False
дев’яносто,nominative,,plural,90,1,cardinal,False
дев’яноста,genetive,,plural,90,1,cardinal,False
дев’яноста,dative,,plural,90,1,cardinal,False
дев’яносто,accusative,,plural,90,1,cardinal,False
дев’яноста,instrumental,,plural,90,1,cardinal,False
дев’яноста,prepositional,,plural,90,1,cardinal,False
дев’яностий,nominative,masculine,singular,90,1,ordinal,False
дев’яноста,nominative,feminine,singular,90,1,ordinal,False
дев’яносте,nominative,neuter,singular,90,1,ordinal,False
дев’яності,nominative,,plural,90,1,ordinal,False
дев’яностого,genetive,masculine,singular,90,1,ordinal,False
дев’яностої,genetive,feminine,singular,90,1,ordinal,False
дев’яностого,genetive,neuter,singular,90,1,ordinal,False
дев’яностих,genetive,,plural,90,1,ordinal,False
дев’яностому,dative,masculine,singular,90,1,ordinal,False
дев’яностій,dative,feminine,singular,90,1,ordinal,False
дев’яностому,dative,neuter,singular,90,1,ordinal,False
дев’яностим,dative,,plural,90,1,ordinal,False
дев’яностий дев’яностого,accusative,masculine,singular,90,1,ordinal,False
дев’яносту,accusative,feminine,singular,90,1,ordinal,False
дев’яносте,accusative,neuter,singular,90,1,ordinal,False
дев’яності дев’яностих,accusative,,plural,90,1,ordinal,False
дев’яностим,instrumental,masculine,singular,90,1,ordinal,False
дев’яностою,instrumental,feminine,singular,90,1,ordinal,False
дев’яностим,instrumental,neuter,singular,90,1,ordinal,False
дев’яностими,instrumental,,plural,90,1,ordinal,False
дев’яностому дев’яностім,prepositional,masculine,singular,90,1,ordinal,False
дев’яностій,prepositional,feminine,singular,90,1,ordinal,False
дев’яностому дев’яностім,prepositional,neuter,singular,90,1,ordinal,False
дев’яностих,prepositional,,plural,90,1,ordinal,False
сто,nominative,,plural,100,2,cardinal,False
ста,genetive,,plural,100,2,cardinal,False
ста,dative,,plural,100,2,cardinal,False
сто,accusative,,plural,100,2,cardinal,False
ста,instrumental,,plural,100,2,cardinal,False
ста,prepositional,,plural,100,2,cardinal,False
сотня,nominative,,singular,1E+2,2,collective,True
сотні,nominative,,plural,1E+2,2,collective,True
сотні,genetive,,singular,1E+2,2,collective,True
сотень,genetive,,plural,1E+2,2,collective,True
сотні,dative,,singular,1E+2,2,collective,True
сотням,dative,,plural,1E+2,2,collective,True
сотню,accusative,,singular,1E+2,2,collective,True
сотні,accusative,,plural,1E+2,2,collective,True
сотнею,instrumental,,singular,1E+2,2,collective,True
сотнями,instrumental,,plural,1E+2,2,collective,True
сотні,prepositional,,singular,1E+2,2,collective,True
сотнях,prepositional,,plural,1E+2,2,collective,True
сотий,nominative,masculine,singular,100,2,ordinal,False
сота,nominative,feminine,singular,100,2,ordinal,False
соте,nominative,neuter,singular,100,2,ordinal,False
соті,nominative,,plural,100,2,ordinal,False
сотого,genetive,masculine,singular,100,2,ordinal,False
сотої,genetive,feminine,singular,100,2,ordinal,False
сотого,genetive,neuter,singular,100,2,ordinal,False
сотих,genetive,,plural,100,2,ordinal,False
сотому,dative,masculine,singular,100,2,ordinal,False
сотій,dative,feminine,singular,100,2,ordinal,False
сотому,dative,neuter,singular,100,2,ordinal,False
сотим,dative,,plural,100,2,ordinal,False
сотий сотого,accusative,masculine,singular,100,2,ordinal,False
соту,accusative,feminine,singular,100,2,ordinal,False
соте,accusative,neuter,singular,100,2,ordinal,False
соті сотих,accusative,,plural,100,2,ordinal,False
сотим,instrumental,masculine,singular,100,2,ordinal,False
сотою,instrumental,feminine,singular,100,2,ordinal,False
сотим,instrumental,neuter,singular,100,2,ordinal,False
сотими,instrumental,,plural,100,2,ordinal,False
сотому сотім,prepositional,masculine,singular,100,2,ordinal,False
сотій,prepositional,feminine,singular,100,2,ordinal,False
сотому сотім,prepositional,neuter,singular,100,2,ordinal,False
сотих,prepositional,,plural,100,2,ordinal,False
двісті,nominative,,plural,200,2,cardinal,False
двохсот,genetive,,plural,200,2,cardinal,False
двомстам,dative,,plural,200,2,cardinal,False
двісті,accusative,,plural,200,2,cardinal,False
двомастами,instrumental,,plural,200,2,cardinal,False
двохстах,prepositional,,plural,200,2,cardinal,False
двохсотий,nominative,masculine,singular,200,2,ordinal,False
двохсота,nominative,feminine,singular,200,2,ordinal,False
двохсоте,nominative,neuter,singular,200,2,ordinal,False
двохсоті,nominative,,plural,200,2,ordinal,False
двохсотого,genetive,masculine,singular,200,2,ordinal,False
двохсотої,genetive,feminine,singular,200,2,ordinal,False
двохсотого,genetive,neuter,singular,200,2,ordinal,False
двохсотих,genetive,,plural,200,2,ordinal,False
двохсотому,dative,masculine,singular,200,2,ordinal,False
двохсотій,dative,feminine,singular,200,2,ordinal,False
двохсотому,dative,neuter,singular,200,2,ordinal,False
двохсотим,dative,,plural,200,2,ordinal,False
двохсотий двохсотого,accusative,masculine,singular,200,2,ordinal,False
двохсоту,accusative,feminine,singular,200,2,ordinal,False
двохсоте,accusative,neuter,singular,200,2,ordinal,False
двохсоті двохсотих,accusative,,plural,200,2,ordinal,False
двохсотим,instrumental,masculine,singular,200,2,ordinal,False
двохсотою,instrumental,feminine,singular,200,2,ordinal,False
двохсотим,instrumental,neuter,singular,200,2,ordinal,False
двохсотими,instrumental,,plural,200,2,ordinal,False
двохсотому двохсотім,prepositional,masculine,singular,200,2,ordinal,False
двохсотій,prepositional,feminine,singular,200,2,ordinal,False
двохсотому двохсотім,prepositional,neuter,singular,200,2,ordinal,False
двохсотих,prepositional,,plural,200,2,ordinal,False
триста,nominative,,plural,300,2,cardinal,False
трьохсот,genetive,,plural,300,2,cardinal,False
трьомстам,dative,,plural,300,2,cardinal,False
триста,accusative,,plural,300,2,cardinal,False
трьомастами,instrumental,,plural,300,2,cardinal,False
трьохстах,prepositional,,plural,300,2,cardinal,False
трьохсотий,nominative,masculine,singular,300,2,ordinal,False
трьохсота,nominative,feminine,singular,300,2,ordinal,False
трьохсоте,nominative,neuter,singular,300,2,ordinal,False
трьохсоті,nominative,,plural,300,2,ordinal,False
трьохсотого,genetive,masculine,singular,300,2,ordinal,False
трьохсотої,genetive,feminine,singular,300,2,ordinal,False
трьохсотого,genetive,neuter,singular,300,2,ordinal,False
трьохсотих,genetive,,plural,300,2,ordinal,False
трьохсотому,dative,masculine,singular,300,2,ordinal,False
трьохсотій,dative,feminine,singular,300,2,ordinal,False
трьохсотому,dative,neuter,singular,300,2,ordinal,False
трьохсотим,dative,,plural,300,2,ordinal,False
трьохсотий трьохсотого,accusative,masculine,singular,300,2,ordinal,False
трьохсоту,accusative,feminine,singular,300,2,ordinal,False
трьохсоте,accusative,neuter,singular,300,2,ordinal,False
трьохсоті трьохсотих,accusative,,plural,300,2,ordinal,False
трьохсотим,instrumental,masculine,singular,300,2,ordinal,False
трьохсотою,instrumental,feminine,singular,300,2,ordinal,False
трьохсотим,instrumental,neuter,singular,300,2,ordinal,False
трьохсотими,instrumental,,plural,300,2,ordinal,False
трьохсотому трьохсотім,prepositional,masculine,singular,300,2,ordinal,False
трьохсотій,prepositional,feminine,singular,300,2,ordinal,False
трьохсотому трьохсотім,prepositional,neuter,singular,300,2,ordinal,False
трьохсотих,prepositional,,plural,300,2,ordinal,False
чотириста,nominative,,plural,400,2,cardinal,False
чотирьохсот,genetive,,plural,400,2,cardinal,False
чотирьомстам,dative,,plural,400,2,cardinal,False
чотириста,accusative,,plural,400,2,cardinal,False
чотирмастами,instrumental,,plural,400,2,cardinal,False
чотирьохстах,prepositional,,plural,400,2,cardinal,False
чотирьохсотий,nominative,masculine,singular,400,2,ordinal,False
чотирьохсота,nominative,feminine,singular,400,2,ordinal,False
чотирьохсоте,nominative,neuter,singular,400,2,ordinal,False
чотирьохсоті,nominative,,plural,400,2,ordinal,False
чотирьохсотого,genetive,masculine,singular,400,2,ordinal,False
чотирьохсотої,genetive,feminine,singular,400,2,ordinal,False
чотирьохсотого,genetive,neuter,singular,400,2,ordinal,False
чотирьохсотих,genetive,,plural,400,2,ordinal,False
чотирьохсотому,dative,masculine,singular,400,2,ordinal,False
чотирьохсотій,dative,feminine,singular,400,2,ordinal,False
чотирьохсотому,dative,neuter,singular,400,2,ordinal,False
чотирьохсотим,dative,,plural,400,2,ordinal,False
чотирьохсотий чотирьохсотого,accusative,masculine,singular,400,2,ordinal,False
чотирьохсоту,accusative,feminine,singular,400,2,ordinal,False
чотирьохсоте,accusative,neuter,singular,400,2,ordinal,False
чотирьохсоті чотирьохсотих,accusative,,plural,400,2,ordinal,False
чотирьохсотим,instrumental,masculine,singular,400,2,ordinal,False
чотирьохсотою,instrumental,feminine,singular,400,2,ordinal,False
чотирьохсотим,instrumental,neuter,singular,400,2,ordinal,False
чотирьохсотими,instrumental,,plural,400,2,ordinal,False
чотирьохсотому чотирьохсотім,prepositional,masculine,singular,400,2,ordinal,False
чотирьохсотій,prepositional,feminine,singular,400,2,ordinal,False
чотирьохсотому чотирьохсотім,prepositional,neuter,singular,400,2,ordinal,False
чотирьохсотих,prepositional,,plural,400,2,ordinal,False
п’ятсот,nominative,,plural,500,2,cardinal,False
п’ятисот,genetive,,plural,500,2,cardinal,False
п’ятистам,dative,,plural,500,2,cardinal,False
п’ятсот,accusative,,plural,500,2,cardinal,False
п’ятьмастами п’ятьомастами,instrumental,,plural,500,2,cardinal,False
п’ятистах,prepositional,,plural,500,2,cardinal,False
п’ятисотий,nominative,masculine,singular,500,2,ordinal,False
п’ятисота,nominative,feminine,singular,500,2,ordinal,False
п’ятисоте,nominative,neuter,singular,500,2,ordinal,False
п’ятисоті,nominative,,plural,500,2,ordinal,False
п’ятисотого,genetive,masculine,singular,500,2,ordinal,False
п’ятисотої,genetive,feminine,singular,500,2,ordinal,False
п’ятисотого,genetive,neuter,singular,500,2,ordinal,False
п’ятисотих,genetive,,plural,500,2,ordinal,False
п’ятисотому,dative,masculine,singular,500,2,ordinal,False
п’ятисотій,dative,feminine,singular,500,2,ordinal,False
п’ятисотому,dative,neuter,singular,500,2,ordinal,False
п’ятисотим,dative,,plural,500,2,ordinal,False
п’ятисотий п’ятисотого,accusative,masculine,singular,500,2,ordinal,False
п’ятисоту,accusative,feminine,singular,500,2,ordinal,False
п’ятисоте,accusative,neuter,singular,500,2,ordinal,False
п’ятисоті п’ятисотих,accusative,,plural,500,2,ordinal,False
п’ятисотим,instrumental,masculine,singular,500,2,ordinal,False
п’ятисотою,instrumental,feminine,singular,500,2,ordinal,False
п’ятисотим,instrumental,neuter,singular,500,2,ordinal,False
п’ятисотими,instrumental,,plural,500,2,ordinal,False
п’ятисотому п’ятисотім,prepositional,masculine,singular,500,2,ordinal,False
п’ятисотій,prepositional,feminine,singular,500,2,ordinal,False
п’ятисотому п’ятисотім,prepositional,neuter,singular,500,2,ordinal,False
п’ятисотих,prepositional,,plural,500,2,ordinal,False
шістсот,nominative,,plural,600,2,cardinal,False
шестисот,genetive,,plural,600,2,cardinal,False
шестистам,dative,,plural,600,2,cardinal,False
шістсот,accusative,,plural,600,2,cardinal,False
шістьмастами шістьомастами,instrumental,,plural,600,2,cardinal,False
шестистах,prepositional,,plural,600,2,cardinal,False
шестисотий,nominative,masculine,singular,600,2,ordinal,False
шестисота,nominative,feminine,singular,600,2,ordinal,False
шестисоте,nominative,neuter,singular,600,2,ordinal,False
шестисоті,nominative,,plural,600,2,ordinal,False
шестисотого,genetive,masculine,singular,600,2,ordinal,False
шестисотої,genetive,feminine,singular,600,2,ordinal,False
шестисотого,genetive,neuter,singular,600,2,ordinal,False
шестисотих,genetive,,plural,600,2,ordinal,False
шестисотому,dative,masculine,singular,600,2,ordinal,False
шестисотій,dative,feminine,singular,600,2,ordinal,False
шестисотому,dative,neuter,singular,600,2,ordinal,False
шестисотим,dative,,plural,600,2,ordinal,False
шестисотий шестисотого,accusative,masculine,singular,600,2,ordinal,False
шестисоту,accusative,feminine,singular,600,2,ordinal,False
шестисоте,accusative,neuter,singular,600,2,ordinal,False
шестисоті шестисотих,accusative,,plural,600,2,ordinal,False
шестисотим,instrumental,masculine,singular,600,2,ordinal,False
шестисотою,instrumental,feminine,singular,600,2,ordinal,False
шестисотим,instrumental,neuter,singular,600,2,ordinal,False
шестисотими,instrumental,,plural,600,2,ordinal,False
шестисотому шестисотім,prepositional,masculine,singular,600,2,ordinal,False
шестисотій,prepositional,feminine,singular,600,2,ordinal,False
шестисотому шестисотім,prepositional,neuter,singular,600,2,ordinal,False
шестисотих,prepositional,,plural,600,2,ordinal,False
сімсот,nominative,,plural,700,2,cardinal,False
семисот,genetive,,plural,700,2,cardinal,False
семистам,dative,,plural,700,2,cardinal,False
сімсот,accusative,,plural,700,2,cardinal,False
сьомастами сімомастами,instrumental,,plural,700,2,cardinal,False
семистах,prepositional,,plural,700,2,cardinal,False
семисотий,nominative,masculine,singular,700,2,ordinal,False
семисота,nominative,feminine,singular,700,2,ordinal,False
семисоте,nominative,neuter,singular,700,2,ordinal,False
семисоті,nominative,,plural,700,2,ordinal,False
семисотого,genetive,masculine,singular,700,2,ordinal,False
семисотої,genetive,feminine,singular,700,2,ordinal,False
семисотого,genetive,neuter,singular,700,2,ordinal,False
семисотих,genetive,,plural,700,2,ordinal,False
семисотому,dative,masculine,singular,700,2,ordinal,False
семисотій,dative,feminine,singular,700,2,ordinal,False
семисотому,dative,neuter,singular,700,2,ordinal,False
семисотим,dative,,plural,700,2,ordinal,False
семисотий семисотого,accusative,masculine,singular,700,2,ordinal,False
семисоту,accusative,feminine,singular,700,2,ordinal,False
семисоте,accusative,neuter,singular,700,2,ordinal,False
семисоті семисотих,accusative,,plural,700,2,ordinal,False
семисотим,instrumental,masculine,singular,700,2,ordinal,False
семисотою,instrumental,feminine,singular,700,2,ordinal,False
семисотим,instrumental,neuter,singular,700,2,ordinal,False
семисотими,instrumental,,plural,700,2,ordinal,False
семисотому семисотім,prepositional,masculine,singular,700,2,ordinal,False
семисотій,prepositional,feminine,singular,700,2,ordinal,False
семисотому семисотім,prepositional,neuter,singular,700,2,ordinal,False
семисотих,prepositional,,plural,700,2,ordinal,False
вісімсот,nominative,,plural,800,2,cardinal,False
восьмисот,genetive,,plural,800,2,cardinal,False
восьмистам,dative,,plural,800,2,cardinal,False
вісімсот,accusative,,plural,800,2,cardinal,False
вісьмастами вісьмомастами,instrumental,,plural,800,2,cardinal,False
восьмистах,prepositional,,plural,800,2,cardinal,False
восьмисотий,nominative,masculine,singular,800,2,ordinal,False
восьмисота,nominative,feminine,singular,800,2,ordinal,False
восьмисоте,nominative,neuter,singular,800,2,ordinal,False
восьмисоті,nominative,,plural,800,2,ordinal,False
восьмисотого,genetive,masculine,singular,800,2,ordinal,False
восьмисотої,genetive,feminine,singular,800,2,ordinal,False
восьмисотого,genetive,neuter,singular,800,2,ordinal,False
восьмисотих,genetive,,plural,800,2,ordinal,False
восьмисотому,dative,masculine,singular,800,2,ordinal,False
восьмисотій,dative,feminine,singular,800,2,ordinal,False
восьмисотому,dative,neuter,singular,800,2,ordinal,False
восьмисотим,dative,,plural,800,2,ordinal,False
восьмисотий восьмисотого,accusative,masculine,singular,800,2,ordinal,False
восьмисоту,accusative,feminine,singular,800,2,ordinal,False
восьмисоте,accusative,neuter,singular,800,2,ordinal,False
восьмисоті восьмисотих,accusative,,plural,800,2,ordinal,False
восьмисотим,instrumental,masculine,singular,800,2,ordinal,False
восьмисотою,instrumental,feminine,singular,800,2,ordinal,False
восьмисотим,instrumental,neuter,singular,800,2,ordinal,False
восьмисотими,instrumental,,plural,800,2,ordinal,False
восьмисотому восьмисотім,prepositional,masculine,singular,800,2,ordinal,False
восьмисотій,prepositional,feminine,singular,800,2,ordinal,False
восьмисотому восьмисотім,prepositional,neuter,singular,800,2,ordinal,False
восьмисотих,prepositional,,plural,800,2,ordinal,False
дев’ятсот,nominative,,plural,900,2,cardinal,False
дев’ятисот,genetive,,plural,900,2,cardinal,False
дев’ятистам,dative,,plural,900,2,cardinal,False
дев’ятсот,accusative,,plural,900,2,cardinal,False
дев’ятьмастами дев’ятьомастами,instrumental,,plural,900,2,cardinal,False
дев’ятистах,prepositional,,plural,900,2,cardinal,False
дев’ятисотий,nominative,masculine,singular,900,2,ordinal,False
дев’ятисота,nominative,feminine,singular,900,2,ordinal,False
дев’ятисоте,nominative,neuter,singular,900,2,ordinal,False
дев’ятисоті,nominative,,plural,900,2,ordinal,False
дев’ятисотого,genetive,masculine,singular,900,2,ordinal,False
дев’ятисотої,genetive,feminine,singular,900,2,ordinal,False
дев’ятисотого,genetive,neuter,singular,900,2,ordinal,False
дев’ятисотих,genetive,,plural,900,2,ordinal,False
дев’ятисотому,dative,masculine,singular,900,2,ordinal,False
дев’ятисотій,dative,feminine,singular,900,2,ordinal,False
дев’ятисотому,dative,neuter,singular,900,2,ordinal,False
дев’ятисотим,dative,,plural,900,2,ordinal,False
дев’ятисотий дев’ятисотого,accusative,masculine,singular,900,2,ordinal,False
дев’ятисоту,accusative,feminine,singular,900,2,ordinal,False
дев’ятисоте,accusative,neuter,singular,900,2,ordinal,False
дев’ятисоті дев’ятисотих,accusative,,plural,900,2,ordinal,False
дев’ятисотим,instrumental,masculine,singular,900,2,ordinal,False
дев’ятисотою,instrumental,feminine,singular,900,2,ordinal,False
дев’ятисотим,instrumental,neuter,singular,900,2,ordinal,False
дев’ятисотими,instrumental,,plural,900,2,ordinal,False
дев’ятисотому дев’ятисотім,prepositional,masculine,singular,900,2,ordinal,False
дев’ятисотій,prepositional,feminine,singular,900,2,ordinal,False
дев’ятисотому дев’ятисотім,prepositional,neuter,singular,900,2,ordinal,False
дев’ятисотих,prepositional,,plural,900,2,ordinal,False
тисяча,nominative,,singular,1E+3,3,cardinal,True
тисячі,nominative,,plural,1E+3,3,cardinal,True
тисячі,genetive,,singular,1E+3,3,cardinal,True
тисяч,genetive,,plural,1E+3,3,cardinal,True
тисячі,dative,,singular,1E+3,3,cardinal,True
тисячам,dative,,plural,1E+3,3,cardinal,True
тисячу,accusative,,singular,1E+3,3,cardinal,True
тисячі,accusative,,plural,1E+3,3,cardinal,True
тисячею,instrumental,,singular,1E+3,3,cardinal,True
тисячами,instrumental,,plural,1E+3,3,cardinal,True
тисячі,prepositional,,singular,1E+3,3,cardinal,True
тисячах,prepositional,,plural,1E+3,3,cardinal,True
тисячний,nominative,masculine,singular,1E+3,3,ordinal,True
тисячна,nominative,feminine,singular,1E+3,3,ordinal,True
тисячне,nominative,neuter,singular,1E+3,3,ordinal,True
тисячні,nominative,,plural,1E+3,3,ordinal,True
тисячного,genetive,masculine,singular,1E+3,3,ordinal,True
тисячної,genetive,feminine,singular,1E+3,3,ordinal,True
тисячного,genetive,neuter,singular,1E+3,3,ordinal,True
тисячних,genetive,,plural,1E+3,3,ordinal,True
тисячному,dative,masculine,singular,1E+3,3,ordinal,True
тисячній,dative,feminine,singular,1E+3,3,ordinal,True
тисячному,dative,neuter,singular,1E+3,3,ordinal,True
тисячним,dative,,plural,1E+3,3,ordinal,True
тисячний тисячного,accusative,masculine,singular,1E+3,3,ordinal,True
тисячну,accusative,feminine,singular,1E+3,3,ordinal,True
тисячне,accusative,neuter,singular,1E+3,3,ordinal,True
тисячні тисячних,accusative,,plural,1E+3,3,ordinal,True
тисячним,instrumental,masculine,singular,1E+3,3,ordinal,True
тисячною,instrumental,feminine,singular,1E+3,3,ordinal,True
тисячним,instrumental,neuter,singular,1E+3,3,ordinal,True
тисячними,instrumental,,plural,1E+3,3,ordinal,True
тисячному тисячнім,prepositional,masculine,singular,1E+3,3,ordinal,True
тисячній,prepositional,feminine,singular,1E+3,3,ordinal,True
тисячному тисячнім,prepositional,neuter,singular,1E+3,3,ordinal,True
тисячних,prepositional,,plural,1E+3,3,ordinal,True
мільйон,nominative,,singular,1E+6,6,cardinal,True
мільйони,nominative,,plural,1E+6,6,cardinal,True
мільйона,genetive,,singular,1E+6,6,cardinal,True
мільйонів,genetive,,plural,1E+6,6,cardinal,True
мільйону мільйонові,dative,,singular,1E+6,6,cardinal,True
мільйонам,dative,,plural,1E+6,6,cardinal,True
мільйон,accusative,,singular,1E+6,6,cardinal,True
мільйони,accusative,,plural,1E+6,6,cardinal,True
мільйоном,instrumental,,singular,1E+6,6,cardinal,True
мільйонами,instrumental,,plural,1E+6,6,cardinal,True
мільйоні,prepositional,,singular,1E+6,6,cardinal,True
мільйонах,prepositional,,plural,1E+6,6,cardinal,True
мільйонний,nominative,masculine,singular,1E+6,6,ordinal,True
мільйонна,nominative,feminine,singular,1E+6,6,ordinal,True
мільйонне,nominative,neuter,singular,1E+6,6,ordinal,True
мільйонні,nominative,,plural,1E+6,6,ordinal,True
мільйонного,genetive,masculine,singular,1E+6,6,ordinal,True
мільйонної,genetive,feminine,singular,1E+6,6,ordinal,True
мільйонного,genetive,neuter,singular,1E+6,6,ordinal,True
мільйонних,genetive,,plural,1E+6,6,ordinal,True
мільйонному,dative,masculine,singular,1E+6,6,ordinal,True
мільйонній,dative,feminine,singular,1E+6,6,ordinal,True
мільйонному,dative,neuter,singular,1E+6,6,ordinal,True
мільйонним,dative,,plural,1E+6,6,ordinal,True
мільйонний мільйонного,accusative,masculine,singular,1E+6,6,ordinal,True
мільйонну,accusative,feminine,singular,1E+6,6,ordinal,True
мільйонне,accusative,neuter,singular,1E+6,6,ordinal,True
мільйонні мільйонних,accusative,,plural,1E+6,6,ordinal,True
мільйонним,instrumental,masculine,singular,1E+6,6,ordinal,True
мільйонною,instrumental,feminine,singular,1E+6,6,ordinal,True
мільйонним,instrumental,neuter,singular,1E+6,6,ordinal,True
мільйонними,instrumental,,plural,1E+6,6,ordinal,True
мільйонному мільйоннім,prepositional,masculine,singular,1E+6,6,ordinal,True
мільйонній,prepositional,feminine,singular,1E+6,6,ordinal,True
мільйонному мільйоннім,prepositional,neuter,singular,1E+6,6,ordinal,True
мільйонних,prepositional,,plural,1E+6,6,ordinal,True
мільярд,nominative,,singular,1E+9,9,cardinal,True
мільярди,nominative,,plural,1E+9,9,cardinal,True
мільярда,genetive,,singular,1E+9,9,cardinal,True
мільярдів,genetive,,plural,1E+9,9,cardinal,True
мільярду мільярдові,dative,,singular,1E+9,9,cardinal,True
мільярдам,dative,,plural,1E+9,9,cardinal,True
мільярд,accusative,,singular,1E+9,9,cardinal,True
мільярди,accusative,,plural,1E+9,9,cardinal,True
мільярдом,instrumental,,singular,1E+9,9,cardinal,True
мільярдами,instrumental,,plural,1E+9,9,cardinal,True
мільярді,prepositional,,singular,1E+9,9,cardinal,True
мільярдах,prepositional,,plural,1E+9,9,cardinal,True
мільярдний,nominative,masculine,singular,1E+9,9,ordinal,True
мільярдна,nominative,feminine,singular,1E+9,9,ordinal,True
мільярдне,nominative,neuter,singular,1E+9,9,ordinal,True
мільярдні,nominative,,plural,1E+9,9,ordinal,True
мільярдного,genetive,masculine,singular,1E+9,9,ordinal,True
мільярдної,genetive,feminine,singular,1E+9,9,ordinal,True
мільярдного,genetive,neuter,singular,1E+9,9,ordinal,True
мільярдних,genetive,,plural,1E+9,9,ordinal,True
мільярдному,dative,masculine,singular,1E+9,9,ordinal,True
мільярдній,dative,feminine,singular,1E+9,9,ordinal,True
мільярдному,dative,neuter,singular,1E+9,9,ordinal,True
мільярдним,dative,,plural,1E+9,9,ordinal,True
мільярдний мільярдного,accusative,masculine,singular,1E+9,9,ordinal,True
мільярдну,accusative,feminine,singular,1E+9,9,ordinal,True
мільярдне,accusative,neuter,singular,1E+9,9,ordinal,True
мільярдні мільярдних,accusative,,plural,1E+9,9,ordinal,True
мільярдним,instrumental,masculine,singular,1E+9,9,ordinal,True
мільярдною,instrumental,feminine,singular,1E+9,9,ordinal,True
мільярдним,instrumental,neuter,singular,1E+9,9,ordinal,True
мільярдними,instrumental,,plural,1E+9,9,ordinal,True
мільярдному мільярднім,prepositional,masculine,singular,1E+9,9,ordinal,True
мільярдній,prepositional,feminine,singular,1E+9,9,ordinal,True
мільярдному мільярднім,prepositional,neuter,singular,1E+9,9,ordinal,True
мільярдних,prepositional,,plural,1E+9,9,ordinal,True
трильйон,nominative,,singular,1E+12,12,cardinal,True
трильйони,nominative,,plural,1E+12,12,cardinal,True
трильйона,genetive,,singular,1E+12,12,cardinal,True
трильйонів,genetive,,plural,1E+12,12,cardinal,True
трильйону трильйонові,dative,,singular,1E+12,12,cardinal,True
трильйонам,dative,,plural,1E+12,12,cardinal,True
трильйон,accusative,,singular,1E+12,12,cardinal,True
трильйони,accusative,,plural,1E+12,12,cardinal,True
трильйоном,instrumental,,singular,1E+12,12,cardinal,True
трильйонами,instrumental,,plural,1E+12,12,cardinal,True
трильйоні,prepositional,,singular,1E+12,12,cardinal,True
трильйонах,prepositional,,plural,1E+12,12,cardinal,True
трильйонний,nominative,masculine,singular,1E+12,12,ordinal,True
трильйонна,nominative,feminine,singular,1E+12,12,ordinal,True
трильйонне,nominative,neuter,singular,1E+12,12,ordinal,True
трильйонні,nominative,,plural,1E+12,12,ordinal,True
трильйонного,genetive,masculine,singular,1E+12,12,ordinal,True
трильйонної,genetive,feminine,singular,1E+12,12,ordinal,True
трильйонного,genetive,neuter,singular,1E+12,12,ordinal,True
трильйонних,genetive,,plural,1E+12,12,ordinal,True
трильйонному,dative,masculine,singular,1E+12,12,ordinal,True
трильйонній,dative,feminine,singular,1E+12,12,ordinal,True
трильйонному,dative,neuter,singular,1E+12,12,ordinal,True
трильйонним,dative,,plural,1E+12,12,ordinal,True
трильйонний трильйонного,accusative,masculine,singular,1E+12,12,ordinal,True
трильйонну,accusative,feminine,singular,1E+12,12,ordinal,True
трильйонне,accusative,neuter,singular,1E+12,12,ordinal,True
трильйонні трильйонних,accusative,,plural,1E+12,12,ordinal,True
трильйонним,instrumental,masculine,singular,1E+12,12,ordinal,True
трильйонною,instrumental,feminine,singular,1E+12,12,ordinal,True
трильйонним,instrumental,neuter,singular,1E+12,12,ordinal,True
трильйонними,instrumental,,plural,1E+12,12,ordinal,True
трильйонному трильйоннім,prepositional,masculine,singular,1E+12,12,ordinal,True
трильйонній,prepositional,feminine,singular,1E+12,12,ordinal,True
трильйонному трильйоннім,prepositional,neuter,singular,1E+12,12,ordinal,True
трильйонних,prepositional,,plural,1E+12,12,ordinal,True
квадрильйон,nominative,,singular,1E+15,15,cardinal,True
квадрильйони,nominative,,plural,1E+15,15,cardinal,True
квадрильйона,genetive,,singular,1E+15,15,cardinal,True
квадрильйонів,genetive,,plural,1E+15,15,cardinal,True
квадрильйону квадрильйонові,dative,,singular,1E+15,15,cardinal,True
квадрильйонам,dative,,plural,1E+15,15,cardinal,True
квадрильйон,accusative,,singular,1E+15,15,cardinal,True
квадрильйони,accusative,,plural,1E+15,15,cardinal,True
квадрильйоном,instrumental,,singular,1E+15,15,cardinal,True
квадрильйонами,instrumental,,plural,1E+15,15,cardinal,True
квадрильйоні,prepositional,,singular,1E+15,15,cardinal,True
квадрильйонах,prepositional,,plural,1E+15,15,cardinal,True
квадрильйонний,nominative,masculine,singular,1E+15,15,ordinal,True
квадрильйонна,nominative,feminine,singular,1E+15,15,ordinal,True
квадрильйонне,nominative,neuter,singular,1E+15,15,ordinal,True
квадрильйонні,nominative,,plural,1E+15,15,ordinal,True
квадрильйонного,genetive,masculine,singular,1E+15,15,ordinal,True
квадрильйонної,genetive,feminine,singular,1E+15,15,ordinal,True
квадрильйонного,genetive,neuter,singular,1E+15,15,ordinal,True
квадрильйонних,genetive,,plural,1E+15,15,ordinal,True
квадрильйонному,dative,masculine,singular,1E+15,15,ordinal,True
квадрильйонній,dative,feminine,singular,1E+15,15,ordinal,True
квадрильйонному,dative,neuter,singular,1E+15,15,ordinal,True
квадрильйонним,dative,,plural,1E+15,15,ordinal,True
квадрильйонний квадрильйонного,accusative,masculine,singular,1E+15,15,ordinal,True
квадрильйонну,accusative,feminine,singular,1E+15,15,ordinal,True
квадрильйонне,accusative,neuter,singular,1E+15,15,ordinal,True
квадрильйонні квадрильйонних,accusative,,plural,1E+15,15,ordinal,True
квадрильйонним,instrumental,masculine,singular,1E+15,15,ordinal,True
квадрильйонною,instrumental,feminine,singular,1E+15,15,ordinal,True
квадрильйонним,instrumental,neuter,singular,1E+15,15,ordinal,True
квадрильйонними,instrumental,,plural,1E+15,15,ordinal,True
квадрильйонному квадрильйоннім,prepositional,masculine,singular,1E+15,15,ordinal,True
квадрильйонній,prepositional,feminine,singular,1E+15,15,ordinal,True
квадрильйонному квадрильйоннім,prepositional,neuter,singular,1E+15,15,ordinal,True
квадрильйонних,prepositional,,plural,1E+15,15,ordinal,True
квінтильйон,nominative,,singular,1E+18,18,cardinal,True
квінтильйони,nominative,,plural,1E+18,18,cardinal,True
квінтильйона,genetive,,singular,1E+18,18,cardinal,True
квінтильйонів,genetive,,plural,1E+18,18,cardinal,True
квінтильйону квінтильйонові,dative,,singular,1E+18,18,cardinal,True
квінтильйонам,dative,,plural,1E+18,18,cardinal,True
квінтильйон,accusative,,singular,1E+18,18,cardinal,True
квінтильйони,accusative,,plural,1E+18,18,cardinal,True
квінтильйоном,instrumental,,singular,1E+18,18,cardinal,True
квінтильйонами,instrumental,,plural,1E+18,18,cardinal,True
квінтильйоні,prepositional,,singular,1E+18,18,cardinal,True
квінтильйонах,prepositional,,plural,1E+18,18,cardinal,True
квінтильйонний,nominative,masculine,singular,1E+18,18,ordinal,True
квінтильйонна,nominative,feminine,singular,1E+18,18,ordinal,True
квінтильйонне,nominative,neuter,singular,1E+18,18,ordinal,True
квінтильйонні,nominative,,plural,1E+18,18,ordinal,True
квінтильйонного,genetive,masculine,singular,1E+18,18,ordinal,True
квінтильйонної,genetive,feminine,singular,1E+18,18,ordinal,True
квінтильйонного,genetive,neuter,singular,1E+18,18,ordinal,True
квінтильйонних,genetive,,plural,1E+18,18,ordinal,True
квінтильйонному,dative,masculine,singular,1E+18,18,ordinal,True
квінтильйонній,dative,feminine,singular,1E+18,18,ordinal,True
квінтильйонному,dative,neuter,singular,1E+18,18,ordinal,True
квінтильйонним,dative,,plural,1E+18,18,ordinal,True
квінтильйонний квінтильйонного,accusative,masculine,singular,1E+18,18,ordinal,True
квінтильйонну,accusative,feminine,singular,1E+18,18,ordinal,True
квінтильйонне,accusative,neuter,singular,1E+18,18,ordinal,True
квінтильйонні квінтильйонних,accusative,,plural,1E+18,18,ordinal,True
квінтильйонним,instrumental,masculine,singular,1E+18,18,ordinal,True
квінтильйонною,instrumental,feminine,singular,1E+18,18,ordinal,True
квінтильйонним,instrumental,neuter,singular,1E+18,18,ordinal,True
квінтильйонними,instrumental,,plural,1E+18,18,ordinal,True
квінтильйонному квінтильйоннім,prepositional,masculine,singular,1E+18,18,ordinal,True
квінтильйонній,prepositional,feminine,singular,1E+18,18,ordinal,True
квінтильйонному квінтильйоннім,prepositional,neuter,singular,1E+18,18,ordinal,True
квінтильйонних,prepositional,,plural,1E+18,18,ordinal,True
секстильйон,nominative,,singular,1E+21,21,cardinal,True
секстильйони,nominative,,plural,1E+21,21,cardinal,True
секстильйона,genetive,,singular,1E+21,21,cardinal,True
секстильйонів,genetive,,plural,1E+21,21,cardinal,True
секстильйону секстильйонові,dative,,singular,1E+21,21,cardinal,True
секстильйонам,dative,,plural,1E+21,21,cardinal,True
секстильйон,accusative,,singular,1E+21,21,cardinal,True
секстильйони,accusative,,plural,1E+21,21,cardinal,True
секстильйоном,instrumental,,singular,1E+21,21,cardinal,True
секстильйонами,instrumental,,plural,1E+21,21,cardinal,True
секстильйоні,prepositional,,singular,1E+21,21,cardinal,True
секстильйонах,prepositional,,plural,1E+21,21,cardinal,True
секстильйонний,nominative,masculine,singular,1E+21,21,ordinal,True
секстильйонна,nominative,feminine,singular,1E+21,21,ordinal,True
секстильйонне,nominative,neuter,singular,1E+21,21,ordinal,True
секстильйонні,nominative,,plural,1E+21,21,ordinal,True
секстильйонного,genetive,masculine,singular,1E+21,21,ordinal,True
секстильйонної,genetive,feminine,singular,1E+21,21,ordinal,True
секстильйонного,genetive,neuter,singular,1E+21,21,ordinal,True
секстильйонних,genetive,,plural,1E+21,21,ordinal,True
секстильйонному,dative,masculine,singular,1E+21,21,ordinal,True
секстильйонній,dative,feminine,singular,1E+21,21,ordinal,True
секстильйонному,dative,neuter,singular,1E+21,21,ordinal,True
секстильйонним,dative,,plural,1E+21,21,ordinal,True
секстильйонний секстильйонного,accusative,masculine,singular,1E+21,21,ordinal,True
секстильйонну,accusative,feminine,singular,1E+21,21,ordinal,True
секстильйонне,accusative,neuter,singular,1E+21,21,ordinal,True
секстильйонні секстильйонних,accusative,,plural,1E+21,21,ordinal,True
секстильйонним,instrumental,masculine,singular,1E+21,21,ordinal,True
секстильйонною,instrumental,feminine,singular,1E+21,21,ordinal,True
секстильйонним,instrumental,neuter,singular,1E+21,21,ordinal,True
секстильйонними,instrumental,,plural,1E+21,21,ordinal,True
секстильйонному секстильйоннім,prepositional,masculine,singular,1E+21,21,ordinal,True
секстильйонній,prepositional,feminine,singular,1E+21,21,ordinal,True
секстильйонному секстильйоннім,prepositional,neuter,singular,1E+21,21,ordinal,True
секстильйонних,prepositional,,plural,1E+21,21,ordinal,True
септильйон,nominative,,singular,1E+24,24,cardinal,True
септильйони,nominative,,plural,1E+24,24,cardinal,True
септильйона,genetive,,singular,1E+24,24,cardinal,True
септильйонів,genetive,,plural,1E+24,24,cardinal,True
септильйону септильйонові,dative,,singular,1E+24,24,cardinal,True
септильйонам,dative,,plural,1E+24,24,cardinal,True
септильйон,accusative,,singular,1E+24,24,cardinal,True
септильйони,accusative,,plural,1E+24,24,cardinal,True
септильйоном,instrumental,,singular,1E+24,24,cardinal,True
септильйонами,instrumental,,plural,1E+24,24,cardinal,True
септильйоні,prepositional,,singular,1E+24,24,cardinal,True
септильйонах,prepositional,,plural,1E+24,24,cardinal,True
септильйонний,nominative,masculine,singular,1E+24,24,ordinal,True
септильйонна,nominative,feminine,singular,1E+24,24,ordinal,True
септильйонне,nominative,neuter,singular,1E+24,24,ordinal,True
септильйонні,nominative,,plural,1E+24,24,ordinal,True
септильйонного,genetive,masculine,singular,1E+24,24,ordinal,True
септильйонної,genetive,feminine,singular,1E+24,24,ordinal,True
септильйонного,genetive,neuter,singular,1E+24,24,ordinal,True
септильйонних,genetive,,plural,1E+24,24,ordinal,True
септильйонному,dative,masculine,singular,1E+24,24,ordinal,True
септильйонній,dative,feminine,singular,1E+24,24,ordinal,True
септильйонному,dative,neuter,singular,1E+24,24,ordinal,True
септильйонним,dative,,plural,1E+24,24,ordinal,True
септильйонний септильйонного,accusative,masculine,singular,1E+24,24,ordinal,True
септильйонну,accusative,feminine,singular,1E+24,24,ordinal,True
септильйонне,accusative,neuter,singular,1E+24,24,ordinal,True
септильйонні септильйонних,accusative,,plural,1E+24,24,ordinal,True
септильйонним,instrumental,masculine,singular,1E+24,24,ordinal,True
септильйонною,instrumental,feminine,singular,1E+24,24,ordinal,True
септильйонним,instrumental,neuter,singular,1E+24,24,ordinal,True
септильйонними,instrumental,,plural,1E+24,24,ordinal,True
септильйонному септильйоннім,prepositional,masculine,singular,1E+24,24,ordinal,True
септильйонній,prepositional,feminine,singular,1E+24,24,ordinal,True
септильйонному септильйоннім,prepositional,neuter,singular,1E+24,24,ordinal,True
септильйонних,prepositional,,plural,1E+24,24,ordinal,True
октильйон,nominative,,singular,1E+27,27,cardinal,True
октильйони,nominative,,plural,1E+27,27,cardinal,True
октильйона,genetive,,singular,1E+27,27,cardinal,True
октильйонів,genetive,,plural,1E+27,27,cardinal,True
октильйону октильйонові,dative,,singular,1E+27,27,cardinal,True
октильйонам,dative,,plural,1E+27,27,cardinal,True
октильйон,accusative,,singular,1E+27,27,cardinal,True
октильйони,accusative,,plural,1E+27,27,cardinal,True
октильйоном,instrumental,,singular,1E+27,27,cardinal,True
октильйонами,instrumental,,plural,1E+27,27,cardinal,True
октильйоні,prepositional,,singular,1E+27,27,cardinal,True
октильйонах,prepositional,,plural,1E+27,27,cardinal,True
октильйонний,nominative,masculine,singular,1E+27,27,ordinal,True
октильйонна,nominative,feminine,singular,1E+27,27,ordinal,True
октильйонне,nominative,neuter,singular,1E+27,27,ordinal,True
октильйонні,nominative,,plural,1E+27,27,ordinal,True
октильйонного,genetive,masculine,singular,1E+27,27,ordinal,True
октильйонної,genetive,feminine,singular,1E+27,27,ordinal,True
октильйонного,genetive,neuter,singular,1E+27,27,ordinal,True
октильйонних,genetive,,plural,1E+27,27,ordinal,True
октильйонному,dative,masculine,singular,1E+27,27,ordinal,True
октильйонній,dative,feminine,singular,1E+27,27,ordinal,True
октильйонному,dative,neuter,singular,1E+27,27,ordinal,True
октильйонним,dative,,plural,1E+27,27,ordinal,True
октильйонний октильйонного,accusative,masculine,singular,1E+27,27,ordinal,True
октильйонну,accusative,feminine,singular,1E+27,27,ordinal,True
октильйонне,accusative,neuter,singular,1E+27,27,ordinal,True
октильйонні октильйонних,accusative,,plural,1E+27,27,ordinal,True
октильйонним,instrumental,masculine,singular,1E+27,27,ordinal,True
октильйонною,instrumental,feminine,singular,1E+27,27,ordinal,True
октильйонним,instrumental,neuter,singular,1E+27,27,ordinal,True
октильйонними,instrumental,,plural,1E+27,27,ordinal,True
октильйонному октильйоннім,prepositional,masculine,singular,1E+27,27,ordinal,True
октильйонній,prepositional,feminine,singular,1E+27,27,ordinal,True
октильйонному октильйоннім,prepositional,neuter,singular,1E+27,27,ordinal,True
октильйонних,prepositional,,plural,1E+27,27,ordinal,True
нонільйон,nominative,,singular,1E+30,30,cardinal,True
нонільйони,nominative,,plural,1E+30,30,cardinal,True
нонільйона,genetive,,singular,1E+30,30,cardinal,True
нонільйонів,genetive,,plural,1E+30,30,cardinal,True
нонільйону нонільйонові,dative,,singular,1E+30,30,cardinal,True
нонільйонам,dative,,plural,1E+30,30,cardinal,True
нонільйон,accusative,,singular,1E+30,30,cardinal,True
нонільйони,accusative,,plural,1E+30,30,cardinal,True
нонільйоном,instrumental,,singular,1E+30,30,cardinal,True
нонільйонами,instrumental,,plural,1E+30,30,cardinal,True
нонільйоні,prepositional,,singular,1E+30,30,cardinal,True
нонільйонах,prepositional,,plural,1E+30,30,cardinal,True
нонільйонний,nominative,masculine,singular,1E+30,30,ordinal,True
нонільйонна,nominative,feminine,singular,1E+30,30,ordinal,True
нонільйонне,nominative,neuter,singular,1E+30,30,ordinal,True
нонільйонні,nominative,,plural,1E+30,30,ordinal,True
нонільйонного,genetive,masculine,singular,1E+30,30,ordinal,True
нонільйонної,genetive,feminine,singular,1E+30,30,ordinal,True
нонільйонного,genetive,neuter,singular,1E+30,30,ordinal,True
нонільйонних,genetive,,plural,1E+30,30,ordinal,True
нонільйонному,dative,masculine,singular,1E+30,30,ordinal,True
нонільйонній,dative,feminine,singular,1E+30,30,ordinal,True
нонільйонному,dative,neuter,singular,1E+30,30,ordinal,True
нонільйонним,dative,,plural,1E+30,30,ordinal,True
нонільйонний нонільйонного,accusative,masculine,singular,1E+30,30,ordinal,True
нонільйонну,accusative,feminine,singular,1E+30,30,ordinal,True
нонільйонне,accusative,neuter,singular,1E+30,30,ordinal,True
нонільйонні нонільйонних,accusative,,plural,1E+30,30,ordinal,True
нонільйонним,instrumental,masculine,singular,1E+30,30,ordinal,True
нонільйонною,instrumental,feminine,singular,1E+30,30,ordinal,True
нонільйонним,instrumental,neuter,singular,1E+30,30,ordinal,True
нонільйонними,instrumental,,plural,1E+30,30,ordinal,True
нонільйонному нонільйоннім,prepositional,masculine,singular,1E+30,30,ordinal,True
нонільйонній,prepositional,feminine,singular,1E+30,30,ordinal,True
нонільйонному нонільйоннім,prepositional,neuter,singular,1E+30,30,ordinal,True
нонільйонних,prepositional,,plural,1E+30,30,ordinal,True
децильйон,nominative,,singular,1E+33,33,cardinal,True
децильйони,nominative,,plural,1E+33,33,cardinal,True
децильйона,genetive,,singular,1E+33,33,cardinal,True
децильйонів,genetive,,plural,1E+33,33,cardinal,True
децильйону децильйонові,dative,,singular,1E+33,33,cardinal,True
децильйонам,dative,,plural,1E+33,33,cardinal,True
децильйон,accusative,,singular,1E+33,33,cardinal,True
децильйони,accusative,,plural,1E+33,33,cardinal,True
децильйоном,instrumental,,singular,1E+33,33,cardinal,True
децильйонами,instrumental,,plural,1E+33,33,cardinal,True
децильйоні,prepositional,,singular,1E+33,33,cardinal,True
децильйонах,prepositional,,plural,1E+33,33,cardinal,True
децильйонний,nominative,masculine,singular,1E+33,33,ordinal,True
децильйонна,nominative,feminine,singular,1E+33,33,ordinal,True
децильйонне,nominative,neuter,singular,1E+33,33,ordinal,True
децильйонні,nominative,,plural,1E+33,33,ordinal,True
децильйонного,genetive,masculine,singular,1E+33,33,ordinal,True
децильйонної,genetive,feminine,singular,1E+33,33,ordinal,True
децильйонного,genetive,neuter,singular,1E+33,33,ordinal,True
децильйонних,genetive,,plural,1E+33,33,ordinal,True
децильйонному,dative,masculine,singular,1E+33,33,ordinal,True
децильйонній,dative,feminine,singular,1E+33,33,ordinal,True
децильйонному,dative,neuter,singular,1E+33,33,ordinal,True
децильйонним,dative,,plural,1E+33,33,ordinal,True
децильйонний децильйонного,accusative,masculine,singular,1E+33,33,ordinal,True
децильйонну,accusative,feminine,singular,1E+33,33,ordinal,True
децильйонне,accusative,neuter,singular,1E+33,33,ordinal,True
децильйонні децильйонних,accusative,,plural,1E+33,33,ordinal,True
децильйонним,instrumental,masculine,singular,1E+33,33,ordinal,True
децильйонною,instrumental,feminine,singular,1E+33,33,ordinal,True
децильйонним,instrumental,neuter,singular,1E+33,33,ordinal,True
децильйонними,instrumental,,plural,1E+33,33,ordinal,True
децильйонному децильйоннім,prepositional,masculine,singular,1E+33,33,ordinal,True
децильйонній,prepositional,feminine,singular,1E+33,33,ordinal,True
децильйонному децильйоннім,prepositional,neuter,singular,1E+33,33,ordinal,True
децильйонних,prepositional,,plural,1E+33,33,ordinal,True
