name,z_l,z_s,ra,dec,component,IS,RA,dRA,DEC,dDEC,band_F160W,error_F160W,band_F555W,error_F555W,band_F814W,error_F814W,band_F606W,error_F606W,band_F675W,error_F675W,band_F110W,error_F110W,band_F205W,error_F205W,band_F702W,error_F702W,band_F791W,error_F791W,photometric_system,Telescope,instrument,Bibcode,notes
Q0047-2808,0.48,3.60,12.4245,-27.8738,G,lens,0.0,1e-05,0.0,1e-05,17.85,0.09,22.26,0.03,20.05,0.02,,,,,,,,,,,,,vega,HST,"[NICMOS,ACS,WFPC2]",2007Castles,
Q0047-2808,0.48,3.60,12.4245,-27.8738,G1,lens,0.0,0.0,0.0,0.0,17.55,0.08,,,,,,,,,,,,,,,,,vega,HST,"[NICMOS,ACS,WFPC2]",2007Castles,
HE0047-1756,0.41,1.66,12.616,-17.6691,A,ima,0.0,1e-05,0.0,1e-05,15.33,0.02,17.57,0.18,16.86,0.15,,,,,,,,,,,,,vega,HST,"[NICMOS,ACS,WFPC2]",2007Castles,
HE0047-1756,0.41,1.66,12.616,-17.6691,B,ima,0.232,0.003,-1.408,0.003,16.83,0.03,18.41,0.06,18.0,0.16,,,,,,,,,,,,,vega,HST,"[NICMOS,ACS,WFPC2]",2007Castles,
HE0047-1756,0.41,1.66,12.616,-17.6691,G,lens,0.237,0.013,-0.798,0.02,17.15,0.16,21.13,0.12,18.97,0.11,,,,,,,,,,,,,vega,HST,"[NICMOS,ACS,WFPC2]",2007Castles,
HE0047-1756,0.41,1.66,12.616,-17.6691,G',lens,-0.089,1e-05,-2.3,1e-05,20.42,1e-05,24.23,0.31,22.21,0.12,,,,,,,,,,,,,vega,HST,"[NICMOS,ACS,WFPC2]",2007Castles,
HST01247+0352,,,21.185,3.86667,A,ima,0.0,1e-05,0.0,1e-05,23.45,0.51,,,24.9,0.1,25.69,0.15,,,,,,,,,,,vega,HST,"[NICMOS,ACS,WFPC2]",2007Castles,
HST01247+0352,,,21.185,3.86667,B,ima,-1.574,0.003,-1.485,0.009,24.29,1.05,,,24.86,0.08,25.61,0.15,,,,,,,,,,,vega,HST,"[NICMOS,ACS,WFPC2]",2007Castles,
HST01247+0352,,,21.185,3.86667,G,lens,-0.699,0.003,-0.926,0.009,19.23,0.04,,,21.86,0.05,23.83,0.06,,,,,,,,,,,vega,HST,"[NICMOS,ACS,WFPC2]",2007Castles,
PMNJ0134-0931,0.77,2.216,23.6486,-9.51747,A,ima,0.0,1e-05,0.0,1e-05,15.25,0.03,23.55,0.05,19.52,0.01,,,,,,,,,,,,,vega,HST,"[NICMOS,ACS,WFPC2]",2007Castles,
PMNJ0134-0931,0.77,2.216,23.6486,-9.51747,B,ima,-0.082,0.003,-0.156,0.003,16.56,0.02,23.44,0.04,19.99,0.01,,,,,,,,,,,,,vega,HST,"[NICMOS,ACS,WFPC2]",2007Castles,
PMNJ0134-0931,0.77,2.216,23.6486,-9.51747,C,ima,0.539,0.003,-0.415,0.003,17.26,0.02,,,23.45,0.06,,,,,,,,,,,,,vega,HST,"[NICMOS,ACS,WFPC2]",2007Castles,
PMNJ0134-0931,0.77,2.216,23.6486,-9.51747,D,ima,0.258,0.012,0.205,0.008,19.34,0.11,,,25.49,0.24,,,,,,,,,,,,,vega,HST,"[NICMOS,ACS,WFPC2]",2007Castles,
PMNJ0134-0931,0.77,2.216,23.6486,-9.51747,G,lens,0.054,0.06,0.015,0.032,18.44,0.79,22.13,0.17,19.31,0.08,,,,,,,,,,,,,vega,HST,"[NICMOS,ACS,WFPC2]",2007Castles,
Q0142-100,0.49,2.72,26.3187,-9.75472,A,ima,0.0,1e-05,0.0,1e-05,15.28,0.02,16.89,0.07,16.62,0.07,,,16.67,0.01,,,,,,,,,vega,HST,"[NICMOS,ACS,WFPC2]",2007Castles,
Q0142-100,0.49,2.72,26.3187,-9.75472,B,ima,2.145,0.003,-0.613,0.003,17.57,0.03,19.13,0.03,18.71,0.1,,,18.96,0.03,,,,,,,,,vega,HST,"[NICMOS,ACS,WFPC2]",2007Castles,
Q0142-100,0.49,2.72,26.3187,-9.75472,G,lens,1.764,0.003,-0.574,0.003,16.63,0.03,20.81,0.02,18.72,0.03,,,19.35,0.01,,,,,,,,,vega,HST,"[NICMOS,ACS,WFPC2]",2007Castles,
QJ0158-4325,0.317,1.29,29.6727,-43.4178,A,ima,0.0,1e-05,0.0,1e-05,16.47,0.03,18.1,0.13,17.81,0.04,,,,,,,,,,,,,vega,HST,"[NICMOS,ACS,WFPC2]",2007Castles,
QJ0158-4325,0.317,1.29,29.6727,-43.4178,B,ima,-1.156,0.003,-0.398,0.003,17.27,0.03,18.91,0.17,18.62,0.11,,,,,,,,,,,,,vega,HST,"[NICMOS,ACS,WFPC2]",2007Castles,
QJ0158-4325,0.317,1.29,29.6727,-43.4178,G,lens,-0.78,0.016,-0.234,0.006,16.67,0.13,20.36,0.18,18.91,0.06,,,,,,,,,,,,,vega,HST,"[NICMOS,ACS,WFPC2]",2007Castles,
QJ0158-4325,0.317,1.29,29.6727,-43.4178,Source,source,-0.532,0.063,-0.128,0.065,19.75,0.27,22.96,0.22,22.42,1.28,,,,,,,,,,,,,vega,HST,"[NICMOS,ACS,WFPC2]",2007Castles,
B0218+357,0.68,0.96,35.2728,35.9372,A,ima,0.0,1e-05,0.0,1e-05,17.52,0.02,23.28,0.02,21.83,0.01,,,,,,,,,,,,,vega,HST,"[NICMOS,ACS,WFPC2]",2007Castles,
B0218+357,0.68,0.96,35.2728,35.9372,B,ima,0.307,0.003,0.126,0.003,16.94,0.02,21.11,0.01,19.39,0.01,,,,,,,,,,,,,vega,HST,"[NICMOS,ACS,WFPC2]",2007Castles,
B0218+357,0.68,0.96,35.2728,35.9372,G,lens,0.178,0.011,0.046,0.024,17.5,0.04,21.95,0.04,20.06,0.03,,,,,,,,,,,,,vega,HST,"[NICMOS,ACS,WFPC2]",2007Castles,
HE0230-2130,0.52,2.162,38.1379,-21.2906,A,ima,0.0,1e-05,0.0,1e-05,,,19.58,0.12,19.02,0.09,,,,,,,,,,,,,vega,HST,"[NICMOS,ACS,WFPC2]",2007Castles,
HE0230-2130,0.52,2.162,38.1379,-21.2906,B,ima,0.698,0.003,0.256,0.003,,,19.8,0.09,19.22,0.07,,,,,,,,,,,,,vega,HST,"[NICMOS,ACS,WFPC2]",2007Castles,
HE0230-2130,0.52,2.162,38.1379,-21.2906,C,ima,1.198,0.005,1.828,0.003,,,20.45,0.2,19.59,0.09,,,,,,,,,,,,,vega,HST,"[NICMOS,ACS,WFPC2]",2007Castles,
HE0230-2130,0.52,2.162,38.1379,-21.2906,D,ima,-0.244,0.007,1.624,0.007,,,21.83,0.15,21.21,0.11,,,,,,,,,,,,,vega,HST,"[NICMOS,ACS,WFPC2]",2007Castles,
HE0230-2130,0.52,2.162,38.1379,-21.2906,G,lens,0.072,0.003,1.085,0.005,,,23.24,0.69,20.39,0.43,,,,,,,,,,,,,vega,HST,"[NICMOS,ACS,WFPC2]",2007Castles,
HE0230-2130,0.52,2.162,38.1379,-21.2906,G',lens,-0.212,0.025,2.059,0.016,,,22.35,0.36,20.34,0.41,,,,,,,,,,,,,vega,HST,"[NICMOS,ACS,WFPC2]",2007Castles,
SDSS0246-0825,,1.68,41.6421,-8.42672,A,ima,0.0,1e-05,0.0,1e-05,16.74,0.02,18.42,0.01,17.22,0.03,,,,,,,,,,,,,vega,HST,"[NICMOS,ACS,WFPC2]",2007Castles,
SDSS0246-0825,,1.68,41.6421,-8.42672,B,ima,-0.899,0.003,0.624,0.003,18.11,0.03,19.22,0.02,18.74,0.07,,,,,,,,,,,,,vega,HST,"[NICMOS,ACS,WFPC2]",2007Castles,
SDSS0246-0825,,1.68,41.6421,-8.42672,G,lens,-0.285,0.003,0.475,0.003,18.42,0.22,23.21,0.29,20.82,0.04,,,,,,,,,,,,,vega,HST,"[NICMOS,ACS,WFPC2]",2007Castles,
SDSS0246-0825,,1.68,41.6421,-8.42672,G2,lens,1.033,0.003,1.747,0.003,19.08,0.18,21.18,0.02,18.54,0.02,,,,,,,,,,,,,vega,HST,"[NICMOS,ACS,WFPC2]",2007Castles,
SDSS0246-0825,,1.68,41.6421,-8.42672,G3,lens,1.033,0.003,1.747,0.003,19.89,0.22,24.66,0.0,22.12,0.0,,,,,,,,,,,,,vega,HST,"[NICMOS,ACS,WFPC2]",2007Castles,
CFRS03.1077,0.938,2.941,45.6287,0.100583,G,lens,0.0,0.0,0.0,0.0,18.69,1.96,23.08,0.15,20.15,0.06,,,,,,,,,,,,,vega,HST,"[NICMOS,ACS,WFPC2]",2007Castles,
CFRS03.1077,0.938,2.941,45.6287,0.100583,G1,lens,0.0,0.0,0.0,0.0,18.81,0.22,30.73,0.0,22.48,0.22,,,,,,,,,,,,,vega,HST,"[NICMOS,ACS,WFPC2]",2007Castles,
CFRS03.1077,0.938,2.941,45.6287,0.100583,S1,source,1.605,0.0,0.578,0.0,22.48,0.09,26.72,0.19,25.23,0.09,,,,,,,,,,,,,vega,HST,"[NICMOS,ACS,WFPC2]",2007Castles,
CFRS03.1077,0.938,2.941,45.6287,0.100583,S2,source,-1.758,0.0,2.552,0.0,21.57,0.06,26.85,0.73,25.02,0.11,,,,,,,,,,,,,vega,HST,"[NICMOS,ACS,WFPC2]",2007Castles,
MG0414+0534,0.96,2.64,63.6572,5.57897,A1,ima,0.6,0.003,-1.942,0.003,15.54,0.01,25.53,1.26,20.43,0.06,,,22.61,0.02,17.59,0.04,14.59,0.01,,,,,vega,HST,"[NICMOS,ACS,WFPC2]",2007Castles,
MG0414+0534,0.96,2.64,63.6572,5.57897,A2,ima,0.732,0.003,-1.549,0.003,15.87,0.01,26.69,0.22,21.36,0.06,,,23.8,0.02,18.08,0.01,14.79,0.02,,,,,vega,HST,"[NICMOS,ACS,WFPC2]",2007Castles,
MG0414+0534,0.96,2.64,63.6572,5.57897,B,ima,0.0,1e-05,0.0,1e-05,16.56,0.01,26.08,2.07,21.24,0.06,,,23.34,0.03,18.54,0.01,15.63,0.04,,,,,vega,HST,"[NICMOS,ACS,WFPC2]",2007Castles,
MG0414+0534,0.96,2.64,63.6572,5.57897,C,ima,-1.342,0.003,-1.65,0.003,17.41,0.01,26.68,0.09,22.1,0.07,,,24.17,0.04,19.37,0.01,16.49,0.01,,,,,vega,HST,"[NICMOS,ACS,WFPC2]",2007Castles,
MG0414+0534,0.96,2.64,63.6572,5.57897,G,lens,-0.472,0.003,-1.277,0.003,17.54,0.02,24.17,0.08,20.91,0.04,,,22.58,0.13,19.21,0.01,16.7,0.11,,,,,vega,HST,"[NICMOS,ACS,WFPC2]",2007Castles,
MG0414+0534,0.96,2.64,63.6572,5.57897,X,star,-0.857,0.011,0.18,0.009,20.12,0.32,,,23.35,0.21,,,24.63,0.3,,,,,,,,,vega,HST,"[NICMOS,ACS,WFPC2]",2007Castles,
HE0435-1223,0.46,1.689,69.5621,-12.2873,A,ima,0.0,0.0,0.0,0.0,17.31,0.02,18.58,0.02,17.84,0.02,,,,,,,,,,,,,vega,HST,"[NICMOS,ACS,WFPC2]",2007Castles,
HE0435-1223,0.46,1.689,69.5621,-12.2873,B,ima,-1.476,0.003,0.553,0.003,17.8,0.01,19.17,0.08,18.39,0.04,,,,,,,,,,,,,vega,HST,"[NICMOS,ACS,WFPC2]",2007Castles,
HE0435-1223,0.46,1.689,69.5621,-12.2873,C,ima,-2.467,0.003,-0.603,0.005,17.8,0.03,19.26,0.07,18.41,0.02,,,,,,,,,,,,,vega,HST,"[NICMOS,ACS,WFPC2]",2007Castles,
HE0435-1223,0.46,1.689,69.5621,-12.2873,D,ima,-0.939,0.003,-1.614,0.003,18.06,0.02,19.3,0.04,18.62,0.04,,,,,,,,,,,,,vega,HST,"[NICMOS,ACS,WFPC2]",2007Castles,
HE0435-1223,0.46,1.689,69.5621,-12.2873,G,lens,-1.165,0.003,-0.573,0.003,16.86,0.04,21.13,0.08,18.85,0.02,,,,,,,,,,,,,vega,HST,"[NICMOS,ACS,WFPC2]",2007Castles,
B0445+123,0.557,,72.0916,12.4654,A,ima,0.0,1e-05,0.0,1e-05,20.15,0.06,24.85,0.2,23.06,0.01,,,,,,,,,,,,,vega,HST,"[NICMOS,ACS,WFPC2]",2007Castles,
B0445+123,0.557,,72.0916,12.4654,B,ima,1.157,0.005,0.631,0.007,21.59,0.01,26.75,0.12,24.49,0.98,,,,,,,,,,,,,vega,HST,"[NICMOS,ACS,WFPC2]",2007Castles,
B0445+123,0.557,,72.0916,12.4654,G,lens,0.93,0.003,0.36,0.004,18.06,0.12,23.85,0.04,20.6,0.05,,,,,,,,,,,,,vega,HST,"[NICMOS,ACS,WFPC2]",2007Castles,
B0445+123,0.557,,72.0916,12.4654,G',lens,2.397,0.004,0.362,0.006,21.66,0.38,27.3,0.81,25.19,0.22,,,,,,,,,,,,,vega,HST,"[NICMOS,ACS,WFPC2]",2007Castles,
HE0512-3329,(0.93),1.57,78.5449,-33.4396,A,ima,0.182,0.003,0.621,0.003,15.81,0.02,18.15,0.06,16.81,0.08,,,,,,,,,,,,,vega,HST,"[NICMOS,ACS,WFPC2]",2007Castles,
HE0512-3329,(0.93),1.57,78.5449,-33.4396,B,ima,0.0,1e-05,0.0,1e-05,16.38,0.03,18.4,0.09,17.28,0.07,,,,,,,,,,,,,vega,HST,"[NICMOS,ACS,WFPC2]",2007Castles,
HE0512-3329,(0.93),1.57,78.5449,-33.4396,G,lens,0.087,0.071,0.373,0.103,19.05,0.78,22.09,0.58,20.85,0.72,,,,,,,,,,,,,vega,HST,"[NICMOS,ACS,WFPC2]",2007Castles,
B0631+519,,,98.8013,51.9505,L1,lens,0.0,1e-05,0.0,1e-05,18.0,0.07,23.09,0.05,20.23,0.03,,,,,,,,,,,,,vega,HST,"[NICMOS,ACS,WFPC2]",2007Castles,
B0631+519,,,98.8013,51.9505,L2,lens,-0.308,0.0,0.8,0.0,21.27,0.22,22.88,0.06,22.31,0.03,,,,,,,,,,,,,vega,HST,"[NICMOS,ACS,WFPC2]",2007Castles,
B0712+472,0.41,1.34,109.015,47.1472,A,ima,-0.795,0.003,-0.156,0.003,20.46,0.04,24.24,0.18,23.1,0.19,,,,,,,,,,,,,vega,HST,"[NICMOS,ACS,WFPC2]",2007Castles,
B0712+472,0.41,1.34,109.015,47.1472,B,ima,-0.747,0.003,-0.292,0.006,21.08,0.01,25.66,0.07,24.22,0.08,,,,,,,,,,,,,vega,HST,"[NICMOS,ACS,WFPC2]",2007Castles,
B0712+472,0.41,1.34,109.015,47.1472,C,ima,0.013,0.004,-0.804,0.003,21.05,0.01,26.3,0.16,24.37,0.42,,,,,,,,,,,,,vega,HST,"[NICMOS,ACS,WFPC2]",2007Castles,
B0712+472,0.41,1.34,109.015,47.1472,D,ima,0.391,0.006,0.307,0.003,21.9,0.13,26.67,0.8,24.87,0.22,,,,,,,,,,,,,vega,HST,"[NICMOS,ACS,WFPC2]",2007Castles,
B0712+472,0.41,1.34,109.015,47.1472,G,lens,0.0,1e-05,0.0,1e-05,17.16,0.07,21.75,0.06,19.56,0.04,,,,,,,,,,,,,vega,HST,"[NICMOS,ACS,WFPC2]",2007Castles,
B0712+472,0.41,1.34,109.015,47.1472,Source,source,-0.092,0.004,-0.145,0.005,20.54,0.06,26.23,0.38,24.36,0.12,,,,,,,,,,,,,vega,HST,"[NICMOS,ACS,WFPC2]",2007Castles,
B0739+366,,,115.713,36.5788,A,ima,0.0,0.0,0.0,0.0,18.79,0.01,,,25.36,0.34,,,,,,,,,,,,,vega,HST,"[NICMOS,ACS,WFPC2]",2007Castles,
B0739+366,,,115.713,36.5788,B,ima,0.222,0.004,-0.485,0.004,21.09,0.06,,,27.82,0.67,,,,,,,,,,,,,vega,HST,"[NICMOS,ACS,WFPC2]",2007Castles,
B0739+366,,,115.713,36.5788,G,lens,0.166,0.01,-0.387,0.019,18.98,0.51,,,21.91,0.04,,,,,,,,,,,,,vega,HST,"[NICMOS,ACS,WFPC2]",2007Castles,
MG0751+2716,0.35,3.20,117.923,27.2754,G,lens,0.0,1e-05,0.0,1e-05,18.87,0.16,23.24,0.11,21.26,0.03,,,,,,,,,,,,,vega,HST,"[NICMOS,ACS,WFPC2]",2007Castles,
MG0751+2716,0.35,3.20,117.923,27.2754,Source,source,-0.634,0.021,-0.225,0.026,21.66,0.25,25.1,0.25,23.72,0.05,,,,,,,,,,,,,vega,HST,"[NICMOS,ACS,WFPC2]",2007Castles,
HS0810+2554,,1.50,123.38,25.7509,A,ima,0.0,0.0,0.0,0.0,14.2,0.02,16.91,0.06,15.63,0.09,,,,,,,,,,,,,vega,HST,"[NICMOS,ACS,WFPC2]",2007Castles,
HS0810+2554,,1.50,123.38,25.7509,B,ima,0.087,0.003,-0.163,0.003,14.81,0.02,17.69,0.16,16.48,0.33,,,,,,,,,,,,,vega,HST,"[NICMOS,ACS,WFPC2]",2007Castles,
HS0810+2554,,1.50,123.38,25.7509,C,ima,0.774,0.003,-0.257,0.003,15.64,0.03,18.07,0.17,17.29,0.29,,,,,,,,,,,,,vega,HST,"[NICMOS,ACS,WFPC2]",2007Castles,
HS0810+2554,,1.50,123.38,25.7509,D,ima,0.61,0.003,0.579,0.003,16.96,0.04,19.56,0.46,18.61,0.41,,,,,,,,,,,,,vega,HST,"[NICMOS,ACS,WFPC2]",2007Castles,
HS0810+2554,,1.50,123.38,25.7509,G,lens,0.451,0.012,0.143,0.005,15.11,0.11,18.2,0.33,16.63,0.81,,,,,,,,,,,,,vega,HST,"[NICMOS,ACS,WFPC2]",2007Castles,
HS0818+1227,0.39,3.115,125.413,12.2914,A,ima,0.0,0.0,0.0,0.0,16.99,0.01,19.05,0.1,18.69,0.55,,,,,,,,,,,,,vega,HST,"[NICMOS,ACS,WFPC2]",2007Castles,
HS0818+1227,0.39,3.115,125.413,12.2914,B,ima,-1.508,0.003,2.068,0.003,19.16,0.03,21.12,0.22,20.8,0.0,,,,,,,,,,,,,vega,HST,"[NICMOS,ACS,WFPC2]",2007Castles,
HS0818+1227,0.39,3.115,125.413,12.2914,G,lens,-1.661,0.003,1.472,0.003,16.91,0.06,21.08,0.1,19.07,0.22,,,,,,,,,,,,,vega,HST,"[NICMOS,ACS,WFPC2]",2007Castles,
APM08279+5255,,3.87,127.923,52.7547,A,ima,0.0,1e-05,0.0,1e-05,13.36,0.01,16.96,0.01,15.25,0.02,,,,,14.4,0.06,12.91,0.05,,,,,vega,HST,"[NICMOS,ACS,WFPC2]",2007Castles,
APM08279+5255,,3.87,127.923,52.7547,B,ima,-0.199,0.003,-0.327,0.003,13.64,0.01,17.74,0.03,15.64,0.01,,,,,14.69,0.07,13.19,0.04,,,,,vega,HST,"[NICMOS,ACS,WFPC2]",2007Castles,
APM08279+5255,,3.87,127.923,52.7547,C,ima,-0.1,0.003,-0.105,0.003,15.11,0.03,18.7,0.03,16.93,0.03,,,,,16.3,0.07,14.59,0.09,,,,,vega,HST,"[NICMOS,ACS,WFPC2]",2007Castles,
B0850+054,0.59,1.14/3.93?,133.223,5.25425,A,ima,0.0,1e-05,0.0,1e-05,23.71,0.1,25.8,0.38,23.15,0.8,,,,,,,,,,,,,vega,HST,"[NICMOS,ACS,WFPC2]",2007Castles,
B0850+054,0.59,1.14/3.93?,133.223,5.25425,G,lens,-0.441,0.004,0.328,0.018,19.3,0.07,23.82,0.01,21.35,0.22,,,,,,,,,,,,,vega,HST,"[NICMOS,ACS,WFPC2]",2007Castles,
B0850+054,0.59,1.14/3.93?,133.223,5.25425,X,star,-1.017,0.047,0.464,0.079,23.38,0.09,,,,,,,,,,,,,,,,,vega,HST,"[NICMOS,ACS,WFPC2]",2007Castles,
SDSS0903+5028,0.388,3.605,135.895,50.472,A,ima,0.0,1e-05,0.0,1e-05,17.01,0.01,20.77,0.04,19.02,0.01,,,,,,,,,,,,,vega,HST,"[NICMOS,ACS,WFPC2]",2007Castles,
SDSS0903+5028,0.388,3.605,135.895,50.472,B,ima,-2.439,0.0,-1.459,0.0,17.58,0.02,21.33,0.29,19.58,0.21,,,,,,,,,,,,,vega,HST,"[NICMOS,ACS,WFPC2]",2007Castles,
SDSS0903+5028,0.388,3.605,135.895,50.472,G,lens,-1.99,0.003,-0.705,0.003,17.88,0.09,22.08,0.01,19.93,0.01,,,,,,,,,,,,,vega,HST,"[NICMOS,ACS,WFPC2]",2007Castles,
SDSS0903+5028,0.388,3.605,135.895,50.472,G1,lens,-1.99,0.003,-0.705,0.003,17.9,0.1,23.64,0.06,21.75,0.02,,,,,,,,,,,,,vega,HST,"[NICMOS,ACS,WFPC2]",2007Castles,
SDSS0903+5028,0.388,3.605,135.895,50.472,G2,lens,-1.042,0.003,-4.597,0.003,19.02,0.07,23.04,0.02,21.08,0.01,,,,,,,,,,,,,vega,HST,"[NICMOS,ACS,WFPC2]",2007Castles,
SDSS0903+5028,0.388,3.605,135.895,50.472,G3,lens,-1.087,0.008,3.307,0.006,19.46,0.06,22.65,0.01,21.01,0.01,,,,,,,,,,,,,vega,HST,"[NICMOS,ACS,WFPC2]",2007Castles,
SDSS0903+5028,0.388,3.605,135.895,50.472,G4,lens,-1.431,0.003,0.032,0.003,20.08,0.17,,,,,,,,,,,,,,,,,vega,HST,"[NICMOS,ACS,WFPC2]",2007Castles,
SDSS0903+5028,0.388,3.605,135.895,50.472,G',lens,-1.99,0.0,-0.705,0.0,,,22.04,0.15,19.49,0.02,,,,,,,,,,,,,vega,HST,"[NICMOS,ACS,WFPC2]",2007Castles,
RXJ0911+0551,0.77,2.80,137.865,5.84778,A,ima,0.0,1e-05,0.0,1e-05,17.59,0.02,18.83,0.04,18.38,0.02,,,,,,,,,,,,,vega,HST,"[NICMOS,ACS,WFPC2]",2007Castles,
RXJ0911+0551,0.77,2.80,137.865,5.84778,B,ima,0.26,0.003,0.406,0.003,17.65,0.02,19.18,0.03,18.64,0.02,,,,,,,,,,,,,vega,HST,"[NICMOS,ACS,WFPC2]",2007Castles,
RXJ0911+0551,0.77,2.80,137.865,5.84778,C,ima,-0.018,0.003,0.96,0.003,18.34,0.03,19.89,0.05,19.36,0.01,,,,,,,,,,,,,vega,HST,"[NICMOS,ACS,WFPC2]",2007Castles,
RXJ0911+0551,0.77,2.80,137.865,5.84778,D,ima,-2.972,0.003,0.792,0.003,18.65,0.02,20.27,0.1,19.66,0.03,,,,,,,,,,,,,vega,HST,"[NICMOS,ACS,WFPC2]",2007Castles,
RXJ0911+0551,0.77,2.80,137.865,5.84778,G,lens,-0.698,0.004,0.512,0.005,17.93,0.03,22.97,0.19,20.47,0.02,,,,,,,,,,,,,vega,HST,"[NICMOS,ACS,WFPC2]",2007Castles,
RXJ0911+0551,0.77,2.80,137.865,5.84778,G',lens,-1.452,0.039,1.177,0.011,20.61,0.01,25.78,1.07,22.83,0.27,,,,,,,,,,,,,vega,HST,"[NICMOS,ACS,WFPC2]",2007Castles,
SBS0909+523,0.83,1.38,138.254,52.9913,A,ima,0.0,1e-05,0.0,1e-05,14.6,0.02,17.1,0.17,16.23,0.08,,,,,,,,,,,,,vega,HST,"[NICMOS,ACS,WFPC2]",2007Castles,
SBS0909+523,0.83,1.38,138.254,52.9913,B,ima,0.987,0.003,-0.498,0.003,14.73,0.03,17.98,0.08,16.61,0.08,,,,,,,,,,,,,vega,HST,"[NICMOS,ACS,WFPC2]",2007Castles,
SBS0909+523,0.83,1.38,138.254,52.9913,G,lens,0.415,0.125,-0.004,0.081,16.75,0.74,19.63,0.52,18.85,0.45,,,,,,,,,,,,,vega,HST,"[NICMOS,ACS,WFPC2]",2007Castles,
RXJ0921+4529,0.31,1.65,140.303,45.4846,A,ima,0.0,1e-05,0.0,1e-05,16.9,0.02,18.93,0.08,17.96,0.04,,,,,,,,,,,,,vega,HST,"[NICMOS,ACS,WFPC2]",2007Castles,
RXJ0921+4529,0.31,1.65,140.303,45.4846,B,ima,6.322,0.005,-2.837,0.004,18.29,0.04,21.18,0.29,19.94,0.03,,,,,,,,,,,,,vega,HST,"[NICMOS,ACS,WFPC2]",2007Castles,
RXJ0921+4529,0.31,1.65,140.303,45.4846,B',ima,6.224,0.019,-2.586,0.021,18.69,0.2,,,21.05,0.26,,,,,,,,,,,,,vega,HST,"[NICMOS,ACS,WFPC2]",2007Castles,
RXJ0921+4529,0.31,1.65,140.303,45.4846,G,lens,2.908,0.014,-0.881,0.006,18.62,0.13,21.37,0.47,20.24,0.01,,,,,,,,,,,,,vega,HST,"[NICMOS,ACS,WFPC2]",2007Castles,
RXJ0921+4529,0.31,1.65,140.303,45.4846,G1,lens,2.908,0.014,-0.881,0.006,19.43,0.08,,,22.22,0.07,,,,,,,,,,,,,vega,HST,"[NICMOS,ACS,WFPC2]",2007Castles,
SDSS0924+0219,0.39,1.524,141.233,2.32358,A,ima,0.0,1e-05,0.0,1e-05,17.96,0.02,19.61,0.01,18.75,0.05,,,,,,,,,,,,,vega,HST,"[NICMOS,ACS,WFPC2]",2007Castles,
SDSS0924+0219,0.39,1.524,141.233,2.32358,B,ima,0.061,0.003,-1.805,0.003,18.87,0.03,20.36,0.05,19.64,0.01,,,,,,,,,,,,,vega,HST,"[NICMOS,ACS,WFPC2]",2007Castles,
SDSS0924+0219,0.39,1.524,141.233,2.32358,C,ima,-0.968,0.003,-0.676,0.003,19.22,0.02,20.74,0.09,20.57,0.19,,,,,,,,,,,,,vega,HST,"[NICMOS,ACS,WFPC2]",2007Castles,
SDSS0924+0219,0.39,1.524,141.233,2.32358,D,ima,0.536,0.003,-0.427,0.003,20.64,0.06,22.94,0.13,21.93,0.05,,,,,,,,,,,,,vega,HST,"[NICMOS,ACS,WFPC2]",2007Castles,
SDSS0924+0219,0.39,1.524,141.233,2.32358,G,lens,-0.182,0.003,-0.859,0.003,17.23,0.04,20.83,0.03,19.38,0.02,,,,,,,,,,,,,vega,HST,"[NICMOS,ACS,WFPC2]",2007Castles,
FBQ0951+2635,(0.24),1.24,147.844,26.5872,A,ima,0.0,1e-05,0.0,1e-05,15.62,0.03,17.29,0.06,16.7,0.03,,,,,,,,,,,,,vega,HST,"[NICMOS,ACS,WFPC2]",2007Castles,
FBQ0951+2635,(0.24),1.24,147.844,26.5872,B,ima,0.9,0.003,-0.635,0.003,16.99,0.03,18.32,0.06,17.89,0.02,,,,,,,,,,,,,vega,HST,"[NICMOS,ACS,WFPC2]",2007Castles,
FBQ0951+2635,(0.24),1.24,147.844,26.5872,G,lens,0.76,0.003,-0.455,0.003,17.86,0.14,21.02,0.04,19.67,0.03,,,,,,,,,,,,,vega,HST,"[NICMOS,ACS,WFPC2]",2007Castles,
FBQ0951+2635,(0.24),1.24,147.844,26.5872,G1,lens,0.76,0.003,-0.455,0.003,18.5,0.25,,,20.33,0.08,,,,,,,,,,,,,vega,HST,"[NICMOS,ACS,WFPC2]",2007Castles,
FBQ0951+2635,(0.24),1.24,147.844,26.5872,G',lens,0.76,0.0,-0.455,0.0,,,20.6,0.38,,,,,,,,,,,,,,,vega,HST,"[NICMOS,ACS,WFPC2]",2007Castles,
BRI0952-0115,0.632,4.50,148.75,-1.50139,A,ima,0.0,1e-05,0.0,1e-05,17.07,0.01,20.66,0.02,18.53,0.04,,,19.2,0.01,,,,,,,,,vega,HST,"[NICMOS,ACS,WFPC2]",2007Castles,
BRI0952-0115,0.632,4.50,148.75,-1.50139,B,ima,-0.696,0.003,-0.709,0.003,18.44,0.01,21.99,0.03,19.93,0.04,,,20.48,0.04,,,,,,,,,vega,HST,"[NICMOS,ACS,WFPC2]",2007Castles,
BRI0952-0115,0.632,4.50,148.75,-1.50139,G,lens,-0.396,0.003,-0.506,0.003,18.95,0.15,23.67,0.08,21.21,0.02,,,22.08,0.02,,,,,,,,,vega,HST,"[NICMOS,ACS,WFPC2]",2007Castles,
Q0957+561,0.36,1.41,150.337,55.8971,A,ima,0.0,1e-05,0.0,1e-05,15.6,0.03,17.09,0.07,16.71,0.05,,,,,,,,,,,,,vega,HST,"[NICMOS,ACS,WFPC2]",2007Castles,
Q0957+561,0.36,1.41,150.337,55.8971,B,ima,1.229,0.005,-6.048,0.004,15.68,0.03,17.11,0.05,16.78,0.04,,,,,,,,,,,,,vega,HST,"[NICMOS,ACS,WFPC2]",2007Castles,
Q0957+561,0.36,1.41,150.337,55.8971,G,lens,1.406,0.006,-5.027,0.005,15.14,0.09,19.05,0.04,17.12,0.02,,,,,,,,,,,,,vega,HST,"[NICMOS,ACS,WFPC2]",2007Castles,
Q0957+561,0.36,1.41,150.337,55.8971,G',lens,8.816,0.016,-2.942,0.005,17.92,0.03,21.87,0.04,19.99,0.05,,,,,,,,,,,,,vega,HST,"[NICMOS,ACS,WFPC2]",2007Castles,
J1004+1229,0.95,2.65,151.104,12.4895,A,ima,0.0,1e-05,0.0,1e-05,15.88,0.02,23.81,0.01,19.74,0.01,,,,,,,,,,,,,vega,HST,"[NICMOS,ACS,WFPC2]",2007Castles,
J1004+1229,0.95,2.65,151.104,12.4895,B,ima,0.267,0.003,1.516,0.003,18.28,0.03,26.45,0.06,22.35,0.04,,,,,,,,,,,,,vega,HST,"[NICMOS,ACS,WFPC2]",2007Castles,
J1004+1229,0.95,2.65,151.104,12.4895,G,lens,0.206,0.007,1.253,0.007,18.84,0.33,25.06,0.08,21.6,0.05,,,,,,,,,,,,,vega,HST,"[NICMOS,ACS,WFPC2]",2007Castles,
SDSS1004+4112,0.68,1.734,151.145,41.2119,A,ima,0.0,1e-05,0.0,1e-05,17.77,0.04,19.23,0.16,18.14,0.1,,,,,,,,,,,,,vega,HST,"[NICMOS,ACS,WFPC2]",2007Castles,
SDSS1004+4112,0.68,1.734,151.145,41.2119,B,ima,1.317,0.003,3.529,0.003,18.24,0.03,19.14,0.17,18.45,0.15,,,,,,,,,,,,,vega,HST,"[NICMOS,ACS,WFPC2]",2007Castles,
SDSS1004+4112,0.68,1.734,151.145,41.2119,C,ima,-11.038,0.003,-4.479,0.006,18.64,0.04,20.09,0.06,19.25,0.13,,,,,,,,,,,,,vega,HST,"[NICMOS,ACS,WFPC2]",2007Castles,
SDSS1004+4112,0.68,1.734,151.145,41.2119,D,ima,-8.398,0.003,9.716,0.005,19.01,0.03,19.76,0.11,19.95,0.07,,,,,,,,,,,,,vega,HST,"[NICMOS,ACS,WFPC2]",2007Castles,
SDSS1004+4112,0.68,1.734,151.145,41.2119,E,ima,-7.193,0.095,4.64,0.209,22.62,0.61,28.27,1.0,24.36,0.14,,,,,,,,,,,,,vega,HST,"[NICMOS,ACS,WFPC2]",2007Castles,
SDSS1004+4112,0.68,1.734,151.145,41.2119,G,lens,-7.095,0.012,4.389,0.012,17.23,1.32,23.22,0.0,18.84,0.18,,,,,,,,,,,,,vega,HST,"[NICMOS,ACS,WFPC2]",2007Castles,
SDSS1004+4112,0.68,1.734,151.145,41.2119,G1,lens,-7.095,0.012,4.389,0.012,17.62,0.31,,,,,,,,,,,,,,,,,vega,HST,"[NICMOS,ACS,WFPC2]",2007Castles,
SDSS1004+4112,0.68,1.734,151.145,41.2119,G',lens,-10.488,0.0,-1.019,0.0,,,23.06,0.14,19.69,0.02,,,,,,,,,,,,,vega,HST,"[NICMOS,ACS,WFPC2]",2007Castles,
LBQS1009-0252,0.87,2.74,153.065,-3.11722,A,ima,0.0,1e-05,0.0,1e-05,16.63,0.02,18.47,0.03,17.95,0.01,,,,,,,,,,,,,vega,HST,"[NICMOS,ACS,WFPC2]",2007Castles,
LBQS1009-0252,0.87,2.74,153.065,-3.11722,B,ima,-0.67,0.003,-1.383,0.003,18.2,0.04,21.05,0.05,20.0,0.03,,,,,,,,,,,,,vega,HST,"[NICMOS,ACS,WFPC2]",2007Castles,
LBQS1009-0252,0.87,2.74,153.065,-3.11722,G,lens,-0.537,0.003,-1.097,0.003,19.26,0.11,24.77,0.22,21.94,0.04,,,,,,,,,,,,,vega,HST,"[NICMOS,ACS,WFPC2]",2007Castles,
LBQS1009-0252,0.87,2.74,153.065,-3.11722,G',lens,0.289,0.003,-0.57,0.003,19.67,0.87,,,,,,,,,,,,,,,,,vega,HST,"[NICMOS,ACS,WFPC2]",2007Castles,
LBQS1009-0252,0.87,2.74,153.065,-3.11722,Q1,star,-4.297,0.005,1.624,0.003,17.91,0.09,19.19,0.06,18.66,0.02,,,,,,,,,,,,,vega,HST,"[NICMOS,ACS,WFPC2]",2007Castles,
LBQS1009-0252,0.87,2.74,153.065,-3.11722,Q1',star,-4.277,0.099,1.568,0.038,19.21,1.23,,,,,,,,,,,,,,,,,vega,HST,"[NICMOS,ACS,WFPC2]",2007Castles,
Q1017-207,(0.78),2.55,154.351,-20.7834,A,ima,0.0,1e-05,0.0,1e-05,15.66,0.03,17.43,0.03,16.92,0.02,,,,,,,,,,,,,vega,HST,"[NICMOS,ACS,WFPC2]",2007Castles,
Q1017-207,(0.78),2.55,154.351,-20.7834,B,ima,-0.847,0.003,0.027,0.003,17.81,0.05,19.58,0.13,19.07,0.02,,,,,,,,,,,,,vega,HST,"[NICMOS,ACS,WFPC2]",2007Castles,
Q1017-207,(0.78),2.55,154.351,-20.7834,G,lens,-0.659,0.016,0.016,0.017,19.26,0.06,25.48,0.5,21.82,0.39,,,,,,,,,,,,,vega,HST,"[NICMOS,ACS,WFPC2]",2007Castles,
FSC10214+4724,(0.75),2.29,156.144,47.1531,G,lens,0.0,1e-05,0.0,1e-05,,,23.18,0.35,20.4,0.11,,,,,19.29,0.1,17.04,0.12,,,,,vega,HST,"[NICMOS,ACS,WFPC2]",2007Castles,
FSC10214+4724,(0.75),2.29,156.144,47.1531,Source,source,0.005,0.003,-0.367,0.004,,,25.44,0.04,25.26,0.09,,,,,23.4,0.05,21.49,0.47,,,,,vega,HST,"[NICMOS,ACS,WFPC2]",2007Castles,
B1030+074,0.60,1.54,158.392,7.19042,A,ima,0.0,1e-05,0.0,1e-05,18.07,0.03,20.66,0.23,19.45,0.25,,,,,,,,,,,,,vega,HST,"[NICMOS,ACS,WFPC2]",2007Castles,
B1030+074,0.60,1.54,158.392,7.19042,B,ima,0.963,0.003,-1.308,0.003,20.68,0.09,27.58,0.2,23.12,0.24,,,,,,,,,,,,,vega,HST,"[NICMOS,ACS,WFPC2]",2007Castles,
B1030+074,0.60,1.54,158.392,7.19042,G,lens,0.878,0.003,-1.143,0.003,18.34,0.16,21.61,0.15,20.02,0.05,,,,,,,,,,,,,vega,HST,"[NICMOS,ACS,WFPC2]",2007Castles,
B1030+074,0.60,1.54,158.392,7.19042,G',lens,0.374,0.008,-1.283,0.005,20.07,0.1,25.89,0.26,22.48,0.11,,,,,,,,,,,,,vega,HST,"[NICMOS,ACS,WFPC2]",2007Castles,
HE1104-1805,0.73,2.32,166.639,-18.3567,A,ima,0.0,1e-05,0.0,1e-05,15.91,0.01,16.92,0.06,16.4,0.03,,,,,,,,,,,,,vega,HST,"[NICMOS,ACS,WFPC2]",2007Castles,
HE1104-1805,0.73,2.32,166.639,-18.3567,B,ima,2.901,0.003,-1.332,0.003,17.35,0.03,18.7,0.08,17.95,0.04,,,,,,,,,,,,,vega,HST,"[NICMOS,ACS,WFPC2]",2007Castles,
HE1104-1805,0.73,2.32,166.639,-18.3567,G,lens,0.965,0.003,-0.5,0.003,17.52,0.09,23.26,0.27,20.01,0.1,,,,,,,,,,,,,vega,HST,"[NICMOS,ACS,WFPC2]",2007Castles,
PG1115+080,0.31,1.72,169.571,7.76603,A1,ima,1.328,0.003,-2.034,0.003,15.71,0.02,16.9,0.11,16.42,0.02,,,,,,,,,,,,,vega,HST,"[NICMOS,ACS,WFPC2]",2007Castles,
PG1115+080,0.31,1.72,169.571,7.76603,A2,ima,1.477,0.004,-1.576,0.003,16.21,0.02,17.62,0.09,16.85,0.01,,,,,,,,,,,,,vega,HST,"[NICMOS,ACS,WFPC2]",2007Castles,
PG1115+080,0.31,1.72,169.571,7.76603,B,ima,-0.341,0.003,-1.961,0.003,17.7,0.02,18.95,0.12,18.37,0.01,,,,,,,,,,,,,vega,HST,"[NICMOS,ACS,WFPC2]",2007Castles,
PG1115+080,0.31,1.72,169.571,7.76603,C,ima,0.0,1e-05,0.0,1e-05,17.23,0.03,18.39,0.06,17.91,0.02,,,,,,,,,,,,,vega,HST,"[NICMOS,ACS,WFPC2]",2007Castles,
PG1115+080,0.31,1.72,169.571,7.76603,G,lens,0.381,0.003,-1.344,0.003,16.66,0.04,20.74,0.03,18.92,0.02,,,,,,,,,,,,,vega,HST,"[NICMOS,ACS,WFPC2]",2007Castles,
B1127+385,,,172.501,38.2009,A,ima,0.0,1e-05,0.0,1e-05,21.63,0.2,28.48,0.49,25.89,0.16,,,,,,,,,,,,,vega,HST,"[NICMOS,ACS,WFPC2]",2007Castles,
B1127+385,,,172.501,38.2009,B,ima,0.69,0.014,0.155,0.01,21.63,0.09,30.09,0.5,27.25,0.45,,,,,,,,,,,,,vega,HST,"[NICMOS,ACS,WFPC2]",2007Castles,
B1127+385,,,172.501,38.2009,G,lens,0.276,0.006,-0.048,0.017,20.32,0.2,26.27,0.28,23.0,0.03,,,,,,,,,,,,,vega,HST,"[NICMOS,ACS,WFPC2]",2007Castles,
B1127+385,,,172.501,38.2009,G2,lens,0.804,0.017,-0.365,0.034,20.87,0.41,26.07,0.56,23.37,0.11,,,,,,,,,,,,,vega,HST,"[NICMOS,ACS,WFPC2]",2007Castles,
RXJ1131-1231,0.295,0.658,172.965,-12.5325,A,ima,0.588,0.003,1.12,0.003,15.97,0.02,18.2,0.14,17.77,0.12,,,,,,,,,,,,,vega,HST,"[NICMOS,ACS,WFPC2]",2007Castles,
RXJ1131-1231,0.295,0.658,172.965,-12.5325,B,ima,0.618,0.003,2.307,0.003,16.22,0.04,18.25,0.03,18.11,0.12,,,,,,,,,,,,,vega,HST,"[NICMOS,ACS,WFPC2]",2007Castles,
RXJ1131-1231,0.295,0.658,172.965,-12.5325,C,ima,0.0,1e-05,0.0,1e-05,17.02,0.02,18.51,0.05,18.19,0.02,,,,,,,,,,,,,vega,HST,"[NICMOS,ACS,WFPC2]",2007Castles,
RXJ1131-1231,0.295,0.658,172.965,-12.5325,D,ima,-2.517,0.003,1.998,0.003,18.76,0.03,20.02,0.12,19.81,0.06,,,,,,,,,,,,,vega,HST,"[NICMOS,ACS,WFPC2]",2007Castles,
RXJ1131-1231,0.295,0.658,172.965,-12.5325,E,ima,-1.345,0.004,2.259,0.004,20.88,0.08,24.47,0.22,22.73,0.03,,,,,,,,,,,,,vega,HST,"[NICMOS,ACS,WFPC2]",2007Castles,
RXJ1131-1231,0.295,0.658,172.965,-12.5325,G,lens,-1.444,0.008,1.706,0.006,16.13,0.24,19.63,0.06,17.88,0.15,,,,,,,,,,,,,vega,HST,"[NICMOS,ACS,WFPC2]",2007Castles,
RXJ1131-1231,0.295,0.658,172.965,-12.5325,G1,lens,-1.444,0.008,1.706,0.006,17.29,0.14,21.72,0.53,19.39,0.35,,,,,,,,,,,,,vega,HST,"[NICMOS,ACS,WFPC2]",2007Castles,
RXJ1131-1231,0.295,0.658,172.965,-12.5325,MainSource,source,-0.983,0.006,1.604,0.006,15.86,0.09,20.86,457.0,17.93,0.14,,,,,,,,,,,,,vega,HST,"[NICMOS,ACS,WFPC2]",2007Castles,
MG1131+0456,0.844,,172.985,4.9305,G,lens,0.0,1e-05,0.0,1e-05,18.62,0.08,23.85,0.24,21.21,0.03,,,22.47,0.05,,,,,,,,,vega,HST,"[NICMOS,ACS,WFPC2]",2007Castles,
MG1131+0456,0.844,,172.985,4.9305,G1,lens,0.181,0.01,-3.245,0.005,20.04,0.04,,,24.76,0.12,,,26.3,0.88,,,,,,,,,vega,HST,"[NICMOS,ACS,WFPC2]",2007Castles,
MG1131+0456,0.844,,172.985,4.9305,G2,lens,-1.96,0.01,1.978,0.02,20.6,0.13,,,,,,,,,,,,,,,,,vega,HST,"[NICMOS,ACS,WFPC2]",2007Castles,
MG1131+0456,0.844,,172.985,4.9305,MainSource,source,-0.383,0.017,-0.255,0.008,19.29,0.06,,,,,,,,,,,,,,,,,vega,HST,"[NICMOS,ACS,WFPC2]",2007Castles,
SDSS1138+0314,0.45,2.44,174.515,3.24944,A,ima,0.0,1e-05,0.0,1e-05,17.96,0.02,19.37,0.07,19.05,0.01,,,,,,,,,,,,,vega,HST,"[NICMOS,ACS,WFPC2]",2007Castles,
SDSS1138+0314,0.45,2.44,174.515,3.24944,B,ima,-0.103,0.003,0.979,0.003,19.12,0.03,20.63,0.09,20.75,0.07,,,,,,,,,,,,,vega,HST,"[NICMOS,ACS,WFPC2]",2007Castles,
SDSS1138+0314,0.45,2.44,174.515,3.24944,C,ima,-1.184,0.003,0.812,0.003,18.98,0.03,20.59,0.06,20.18,0.04,,,,,,,,,,,,,vega,HST,"[NICMOS,ACS,WFPC2]",2007Castles,
SDSS1138+0314,0.45,2.44,174.515,3.24944,D,ima,-0.698,0.003,-0.056,0.003,19.1,0.03,20.96,0.03,20.79,0.11,,,,,,,,,,,,,vega,HST,"[NICMOS,ACS,WFPC2]",2007Castles,
SDSS1138+0314,0.45,2.44,174.515,3.24944,G,lens,-0.474,0.003,0.534,0.003,17.97,0.08,22.63,0.05,20.04,0.01,,,,,,,,,,,,,vega,HST,"[NICMOS,ACS,WFPC2]",2007Castles,
SDSS1155+6346,0.176,2.89,178.822,63.7728,A,ima,0.0,1e-05,0.0,1e-05,16.94,0.02,18.96,0.02,18.11,0.02,,,,,,,,,,,,,vega,HST,"[NICMOS,ACS,WFPC2]",2007Castles,
SDSS1155+6346,0.176,2.89,178.822,63.7728,B,ima,1.903,0.003,0.404,0.003,17.91,0.02,19.38,0.12,18.87,0.07,,,,,,,,,,,,,vega,HST,"[NICMOS,ACS,WFPC2]",2007Castles,
SDSS1155+6346,0.176,2.89,178.822,63.7728,G,lens,1.684,0.005,0.331,0.003,16.06,0.17,19.35,0.03,17.82,0.16,,,,,,,,,,,,,vega,HST,"[NICMOS,ACS,WFPC2]",2007Castles,
B1152+200,0.439,1.019,178.826,19.6617,A,ima,0.0,1e-05,0.0,1e-05,15.63,0.02,17.7,0.23,16.58,0.01,,,,,,,,,,,,,vega,HST,"[NICMOS,ACS,WFPC2]",2007Castles,
B1152+200,0.439,1.019,178.826,19.6617,B,ima,0.936,0.003,-1.246,0.003,17.2,0.02,22.03,0.24,19.91,0.01,,,,,,,,,,,,,vega,HST,"[NICMOS,ACS,WFPC2]",2007Castles,
B1152+200,0.439,1.019,178.826,19.6617,G,lens,0.549,0.005,-0.978,0.005,17.12,0.11,21.0,0.02,19.26,0.02,,,,,,,,,,,,,vega,HST,"[NICMOS,ACS,WFPC2]",2007Castles,
B1152+200,0.439,1.019,178.826,19.6617,G',lens,-0.071,0.006,-1.041,0.006,17.96,0.47,21.57,0.07,20.36,0.07,,,,,,,,,,,,,vega,HST,"[NICMOS,ACS,WFPC2]",2007Castles,
Q1208+101,,3.80,182.738,9.90711,A,ima,0.0,1e-05,0.0,1e-05,15.91,0.03,18.42,0.1,17.22,0.03,,,,,,,,,,,,,vega,HST,"[NICMOS,ACS,WFPC2]",2007Castles,
Q1208+101,,3.80,182.738,9.90711,B,ima,0.127,0.003,-0.461,0.003,17.55,0.02,19.66,0.02,18.63,0.09,,,,,,,,,,,,,vega,HST,"[NICMOS,ACS,WFPC2]",2007Castles,
SDSS1226-0006,0.52,1.12,186.534,-0.100556,A,ima,0.0,1e-05,0.0,1e-05,17.24,0.02,18.57,0.01,18.84,0.1,,,,,,,,,,,,,vega,HST,"[NICMOS,ACS,WFPC2]",2007Castles,
SDSS1226-0006,0.52,1.12,186.534,-0.100556,B,ima,1.257,0.003,-0.056,0.003,18.01,0.02,19.33,0.03,19.36,0.07,,,,,,,,,,,,,vega,HST,"[NICMOS,ACS,WFPC2]",2007Castles,
SDSS1226-0006,0.52,1.12,186.534,-0.100556,G,lens,0.437,0.003,0.018,0.003,17.47,0.12,23.78,0.0,19.72,0.07,,,,,,,,,,,,,vega,HST,"[NICMOS,ACS,WFPC2]",2007Castles,
SDSS1226-0006,0.52,1.12,186.534,-0.100556,G',lens,1.708,0.007,3.172,0.004,19.21,0.14,23.95,0.06,21.54,0.01,,,,,,,,,,,,,vega,HST,"[NICMOS,ACS,WFPC2]",2007Castles,
HST12531-2914,(0.69),,193.278,-29.2417,A,ima,-0.737,0.023,-0.011,0.016,,,,,26.49,0.1,27.03,0.11,,,,,,,,,,,vega,HST,"[NICMOS,ACS,WFPC2]",2007Castles,
HST12531-2914,(0.69),,193.278,-29.2417,B,ima,0.605,0.038,-0.339,0.011,,,,,26.23,0.47,26.83,0.14,,,,,,,,,,,vega,HST,"[NICMOS,ACS,WFPC2]",2007Castles,
HST12531-2914,(0.69),,193.278,-29.2417,C,ima,-0.14,0.014,-0.519,0.025,,,,,26.04,0.16,26.55,0.09,,,,,,,,,,,vega,HST,"[NICMOS,ACS,WFPC2]",2007Castles,
HST12531-2914,(0.69),,193.278,-29.2417,D,ima,0.166,0.041,0.454,0.015,,,,,26.13,0.25,26.86,0.39,,,,,,,,,,,vega,HST,"[NICMOS,ACS,WFPC2]",2007Castles,
HST12531-2914,(0.69),,193.278,-29.2417,G,lens,0.0,1e-05,0.0,1e-05,19.5,0.03,,,21.83,0.03,23.83,0.03,,,,,,,,,,,vega,HST,"[NICMOS,ACS,WFPC2]",2007Castles,
LBQS1333+0113,,1.57,203.895,1.30153,A,ima,0.0,1e-05,0.0,1e-05,16.18,0.02,,,,,,,,,,,,,,,,,vega,HST,"[NICMOS,ACS,WFPC2]",2007Castles,
LBQS1333+0113,,1.57,203.895,1.30153,B,ima,1.079,0.003,-1.217,0.003,17.49,0.02,,,,,,,,,,,,,,,,,vega,HST,"[NICMOS,ACS,WFPC2]",2007Castles,
LBQS1333+0113,,1.57,203.895,1.30153,G,lens,0.856,0.003,-0.859,0.003,17.52,0.04,,,,,,,,,,,,,,,,,vega,HST,"[NICMOS,ACS,WFPC2]",2007Castles,
LBQS1333+0113,,1.57,203.895,1.30153,G',lens,3.396,0.004,-0.999,0.004,19.69,0.12,,,,,,,,,,,,,,,,,vega,HST,"[NICMOS,ACS,WFPC2]",2007Castles,
Q1355-2257,(0.48),1.37,208.931,-22.9564,A,ima,0.0,1e-05,0.0,1e-05,15.91,0.02,17.61,0.12,17.21,0.07,,,,,,,,,,,,,vega,HST,"[NICMOS,ACS,WFPC2]",2007Castles,
Q1355-2257,(0.48),1.37,208.931,-22.9564,B,ima,-1.174,0.003,-0.347,0.003,17.38,0.02,19.27,0.14,18.57,0.08,,,,,,,,,,,,,vega,HST,"[NICMOS,ACS,WFPC2]",2007Castles,
Q1355-2257,(0.48),1.37,208.931,-22.9564,G,lens,-0.91,0.006,-0.304,0.018,17.36,0.2,28.22,0.0,19.04,1.17,,,,,,,,,,,,,vega,HST,"[NICMOS,ACS,WFPC2]",2007Castles,
B1359+154,,3.235,210.398,15.2238,A,ima,0.0,1e-05,0.0,1e-05,,,24.69,0.1,24.01,0.05,,,,,,,,,,,,,vega,HST,"[NICMOS,ACS,WFPC2]",2007Castles,
B1359+154,,3.235,210.398,15.2238,B,ima,-0.483,0.007,-1.253,0.009,,,24.72,0.1,24.29,0.1,,,,,,,,,,,,,vega,HST,"[NICMOS,ACS,WFPC2]",2007Castles,
B1359+154,,3.235,210.398,15.2238,C,ima,-0.323,0.007,-1.64,0.003,,,24.28,0.1,24.01,0.05,,,,,,,,,,,,,vega,HST,"[NICMOS,ACS,WFPC2]",2007Castles,
B1359+154,,3.235,210.398,15.2238,D,ima,0.957,0.008,-1.357,0.008,,,25.8,0.16,25.19,0.07,,,,,,,,,,,,,vega,HST,"[NICMOS,ACS,WFPC2]",2007Castles,
B1359+154,,3.235,210.398,15.2238,E,ima,0.627,0.013,-1.129,0.011,,,25.57,0.15,25.12,0.15,,,,,,,,,,,,,vega,HST,"[NICMOS,ACS,WFPC2]",2007Castles,
B1359+154,,3.235,210.398,15.2238,F,ima,0.426,0.016,-0.951,0.028,,,26.54,0.09,26.25,0.2,,,,,,,,,,,,,vega,HST,"[NICMOS,ACS,WFPC2]",2007Castles,
B1359+154,,3.235,210.398,15.2238,G,lens,0.16,0.008,-0.935,0.024,,,25.99,0.54,22.68,0.26,,,,,,,,,,,,,vega,HST,"[NICMOS,ACS,WFPC2]",2007Castles,
B1359+154,,3.235,210.398,15.2238,G',lens,0.658,0.005,-0.69,0.008,,,26.82,0.29,23.69,0.22,,,,,,,,,,,,,vega,HST,"[NICMOS,ACS,WFPC2]",2007Castles,
B1359+154,,3.235,210.398,15.2238,G'',lens,0.575,0.007,-1.516,0.011,,,26.93,1.01,23.7,0.3,,,,,,,,,,,,,vega,HST,"[NICMOS,ACS,WFPC2]",2007Castles,
HST14113+5211,0.46,2.81,212.832,52.1914,A,ima,-1.095,0.003,0.368,0.007,,,26.05,0.12,25.59,0.14,,,,,,,,,25.06,0.07,,,vega,HST,"[NICMOS,ACS,WFPC2]",2007Castles,
HST14113+5211,0.46,2.81,212.832,52.1914,B,ima,-0.118,0.038,-0.551,0.036,,,27.62,0.7,26.19,0.5,,,,,,,,,25.54,0.3,,,vega,HST,"[NICMOS,ACS,WFPC2]",2007Castles,
HST14113+5211,0.46,2.81,212.832,52.1914,C,ima,1.132,0.004,-0.036,0.009,,,25.97,0.06,25.37,0.08,,,,,,,,,25.13,0.14,,,vega,HST,"[NICMOS,ACS,WFPC2]",2007Castles,
HST14113+5211,0.46,2.81,212.832,52.1914,D,ima,0.268,0.004,0.695,0.009,,,26.65,0.04,25.6,0.22,,,,,,,,,25.19,0.11,,,vega,HST,"[NICMOS,ACS,WFPC2]",2007Castles,
HST14113+5211,0.46,2.81,212.832,52.1914,G,lens,0.0,1e-05,0.0,1e-05,,,22.19,0.06,19.99,0.03,,,,,,,,,20.5,0.06,,,vega,HST,"[NICMOS,ACS,WFPC2]",2007Castles,
H1413+117,,2.55,213.943,11.4948,A,ima,0.0,1e-05,0.0,1e-05,15.83,0.04,,,17.77,0.01,,,,,,,,,18.0,0.01,,,vega,HST,"[NICMOS,ACS,WFPC2]",2007Castles,
H1413+117,,2.55,213.943,11.4948,B,ima,0.744,0.003,0.168,0.003,15.92,0.03,,,17.84,0.01,,,,,,,,,18.07,0.01,,,vega,HST,"[NICMOS,ACS,WFPC2]",2007Castles,
H1413+117,,2.55,213.943,11.4948,C,ima,-0.492,0.003,0.713,0.003,16.18,0.02,,,18.06,0.01,,,,,,,,,18.27,0.01,,,vega,HST,"[NICMOS,ACS,WFPC2]",2007Castles,
H1413+117,,2.55,213.943,11.4948,D,ima,0.354,0.003,1.04,0.003,16.43,0.03,,,18.15,0.01,,,,,,,,,18.32,0.01,,,vega,HST,"[NICMOS,ACS,WFPC2]",2007Castles,
H1413+117,,2.55,213.943,11.4948,G,lens,0.142,0.003,0.561,0.003,18.61,0.03,,,,,,,,,,,,,,,,,vega,HST,"[NICMOS,ACS,WFPC2]",2007Castles,
HST14164+5215,,,214.105,52.2419,A,ima,0.0,1e-05,0.0,1e-05,22.02,0.27,,,23.21,0.05,23.93,0.1,,,,,,,,,,,vega,HST,"[NICMOS,ACS,WFPC2]",2007Castles,
HST14164+5215,,,214.105,52.2419,B,ima,-1.339,0.016,1.781,0.015,22.93,0.28,,,23.89,0.12,24.49,0.08,,,,,,,,,,,vega,HST,"[NICMOS,ACS,WFPC2]",2007Castles,
HST14164+5215,,,214.105,52.2419,G,lens,-0.64,0.0,1.004,0.0,18.31,0.05,,,19.91,0.07,21.01,0.03,,,,,,,,,,,vega,HST,"[NICMOS,ACS,WFPC2]",2007Castles,
HST14176+5226,0.81,3.40,214.402,52.4444,A,ima,1.288,0.008,-1.175,0.01,,,,,24.85,0.13,25.43,0.19,,,,,,,,,,,vega,HST,"[NICMOS,ACS,WFPC2]",2007Castles,
HST14176+5226,0.81,3.40,214.402,52.4444,B,ima,0.88,0.024,0.879,0.02,,,,,25.08,0.03,25.84,0.05,,,,,,,,,,,vega,HST,"[NICMOS,ACS,WFPC2]",2007Castles,
HST14176+5226,0.81,3.40,214.402,52.4444,C,ima,-0.792,0.011,1.332,0.017,,,,,24.62,0.12,25.2,0.35,,,,,,,,,,,vega,HST,"[NICMOS,ACS,WFPC2]",2007Castles,
HST14176+5226,0.81,3.40,214.402,52.4444,D,ima,-0.808,0.024,-0.794,0.032,,,,,25.23,0.15,25.87,0.22,,,,,,,,,,,vega,HST,"[NICMOS,ACS,WFPC2]",2007Castles,
HST14176+5226,0.81,3.40,214.402,52.4444,G,lens,0.0,1e-05,0.0,1e-05,17.53,0.07,,,19.77,0.01,21.91,0.01,,,,,,,,,,,vega,HST,"[NICMOS,ACS,WFPC2]",2007Castles,
B1422+231,0.34,3.62,216.159,22.9335,A,ima,0.385,0.0,0.317,0.0,14.41,0.02,16.43,0.08,,,,,,,,,,,,,15.88,0.01,vega,HST,"[NICMOS,ACS,WFPC2]",2007Castles,
B1422+231,0.34,3.62,216.159,22.9335,B,ima,0.0,1e-05,0.0,1e-05,14.29,0.03,16.45,0.07,,,,,,,,,,,,,15.85,0.01,vega,HST,"[NICMOS,ACS,WFPC2]",2007Castles,
B1422+231,0.34,3.62,216.159,22.9335,C,ima,-0.336,0.003,-0.75,0.003,14.98,0.03,17.09,0.03,,,,,,,,,,,,,16.41,0.01,vega,HST,"[NICMOS,ACS,WFPC2]",2007Castles,
B1422+231,0.34,3.62,216.159,22.9335,D,ima,0.948,0.004,-0.802,0.003,18.14,0.02,20.44,0.05,,,,,,,,,,,,,19.68,0.04,vega,HST,"[NICMOS,ACS,WFPC2]",2007Castles,
B1422+231,0.34,3.62,216.159,22.9335,G,lens,0.742,0.003,-0.656,0.004,17.57,0.01,21.8,0.05,,,,,,,,,,,,,19.66,0.06,vega,HST,"[NICMOS,ACS,WFPC2]",2007Castles,
SBS1520+530,0.72,1.86,230.437,52.9135,A,ima,0.0,1e-05,0.0,1e-05,17.58,0.02,18.83,0.04,17.97,0.03,,,,,,,,,,,,,vega,HST,"[NICMOS,ACS,WFPC2]",2007Castles,
SBS1520+530,0.72,1.86,230.437,52.9135,B,ima,1.429,0.003,-0.652,0.003,18.41,0.03,19.29,0.2,18.99,0.07,,,,,,,,,,,,,vega,HST,"[NICMOS,ACS,WFPC2]",2007Castles,
SBS1520+530,0.72,1.86,230.437,52.9135,G,lens,1.141,0.003,-0.395,0.003,18.22,0.05,23.38,1.47,20.16,0.11,,,,,,,,,,,,,vega,HST,"[NICMOS,ACS,WFPC2]",2007Castles,
SBS1520+530,0.72,1.86,230.437,52.9135,G',lens,2.499,0.004,0.688,0.003,20.08,0.07,23.65,0.03,22.0,0.11,,,,,,,,,,,,,vega,HST,"[NICMOS,ACS,WFPC2]",2007Castles,
SBS1520+530,0.72,1.86,230.437,52.9135,G2,lens,5.577,0.018,-4.427,0.009,19.76,0.19,,,,,,,,,,,,,,,,,vega,HST,"[NICMOS,ACS,WFPC2]",2007Castles,
SBS1520+530,0.72,1.86,230.437,52.9135,S1,source,3.4,0.003,-2.705,0.004,17.83,0.03,,,,,,,,,,,,,,,,,vega,HST,"[NICMOS,ACS,WFPC2]",2007Castles,
SBS1520+530,0.72,1.86,230.437,52.9135,S2,source,-2.535,0.004,0.868,0.003,18.85,0.06,,,,,,,,,,,,,,,,,vega,HST,"[NICMOS,ACS,WFPC2]",2007Castles,
MG1549+3047,0.11,1.17,237.302,30.7879,A,ima,0.0,1e-05,0.0,1e-05,20.52,0.04,,,,,,,,,,,,,,,,,vega,HST,"[NICMOS,ACS,WFPC2]",2007Castles,
MG1549+3047,0.11,1.17,237.302,30.7879,G,lens,-6.616,0.005,3.39,0.004,14.73,0.02,18.19,0.01,16.7,0.01,,,,,,,14.0,0.01,,,,,vega,HST,"[NICMOS,ACS,WFPC2]",2007Castles,
B1555+375,,,239.3,37.36,A+B,ima,0.0,1e-05,0.0,1e-05,21.73,0.08,,,,,,,,,,,,,,,,,vega,HST,"[NICMOS,ACS,WFPC2]",2007Castles,
B1555+375,,,239.3,37.36,C,ima,-0.417,0.014,-0.013,0.008,21.15,0.26,,,,,,,,,,,,,,,,,vega,HST,"[NICMOS,ACS,WFPC2]",2007Castles,
B1555+375,,,239.3,37.36,G,lens,-0.174,0.026,-0.145,0.015,20.01,0.5,,,,,,,,,,,,,,,,,vega,HST,"[NICMOS,ACS,WFPC2]",2007Castles,
B1600+434,0.41,1.59,240.419,43.2799,A,ima,0.0,1e-05,0.0,1e-05,20.66,0.03,23.61,0.12,21.92,0.1,,,,,,,,,,,,,vega,HST,"[NICMOS,ACS,WFPC2]",2007Castles,
B1600+434,0.41,1.59,240.419,43.2799,B,ima,-0.72,0.003,1.183,0.004,20.47,0.03,22.32,0.09,21.39,0.03,,,,,,,,,,,,,vega,HST,"[NICMOS,ACS,WFPC2]",2007Castles,
B1600+434,0.41,1.59,240.419,43.2799,G,lens,-0.11,0.003,0.369,0.004,18.3,0.13,,,20.78,0.06,,,,,,,,,,,,,vega,HST,"[NICMOS,ACS,WFPC2]",2007Castles,
B1600+434,0.41,1.59,240.419,43.2799,G1,lens,-0.11,0.003,0.369,0.004,19.36,0.29,,,25.99,530.0,,,,,,,,,,,,,vega,HST,"[NICMOS,ACS,WFPC2]",2007Castles,
B1600+434,0.41,1.59,240.419,43.2799,G2,lens,3.553,0.003,-2.204,0.004,18.73,0.07,,,,,,,,,,,,,,,,,vega,HST,"[NICMOS,ACS,WFPC2]",2007Castles,
B1600+434,0.41,1.59,240.419,43.2799,Source,source,-0.283,0.009,0.637,0.007,20.78,0.06,,,,,,,,,,,,,,,,,vega,HST,"[NICMOS,ACS,WFPC2]",2007Castles,
B1608+656,0.63,1.39,242.308,65.5414,G,lens,0.0,1e-05,0.0,1e-05,16.76,0.05,21.24,0.03,19.02,0.02,,,,,,,,,,,,,vega,HST,"[NICMOS,ACS,WFPC2]",2007Castles,
B1608+656,0.63,1.39,242.308,65.5414,G1,lens,0.758,0.012,0.126,0.003,19.38,0.12,26.6,0.52,22.2,0.07,,,,,,,,,,,,,vega,HST,"[NICMOS,ACS,WFPC2]",2007Castles,
B1608+656,0.63,1.39,242.308,65.5414,Src1,source,0.364,0.012,-0.021,0.009,19.5,0.05,,,,,,,,,,,,,,,,,vega,HST,"[NICMOS,ACS,WFPC2]",2007Castles,
PMNJ1632-0033,,3.424,248.24,-0.555861,A,ima,0.0,1e-05,0.0,1e-05,18.93,0.03,21.9,0.12,20.73,0.03,,,,,,,,,,,,,vega,HST,"[NICMOS,ACS,WFPC2]",2007Castles,
PMNJ1632-0033,,3.424,248.24,-0.555861,B,ima,1.244,0.004,-0.782,0.003,20.94,0.06,25.87,0.07,24.16,0.08,,,,,,,,,,,,,vega,HST,"[NICMOS,ACS,WFPC2]",2007Castles,
PMNJ1632-0033,,3.424,248.24,-0.555861,G,lens,1.141,0.006,-0.707,0.003,19.71,0.1,25.58,0.1,23.41,0.06,,,,,,,,,,,,,vega,HST,"[NICMOS,ACS,WFPC2]",2007Castles,
FBQ1633+3134,,1.52,248.454,31.57,A,ima,0.0,1e-05,0.0,1e-05,15.78,0.03,17.55,0.05,16.85,0.01,,,,,,,,,,,,,vega,HST,"[NICMOS,ACS,WFPC2]",2007Castles,
FBQ1633+3134,,1.52,248.454,31.57,B,ima,0.524,0.003,-0.404,0.003,17.23,0.02,18.95,0.06,18.29,0.01,,,,,,,,,,,,,vega,HST,"[NICMOS,ACS,WFPC2]",2007Castles,
FBQ1633+3134,,1.52,248.454,31.57,G,lens,0.273,0.248,-0.42,0.148,16.8,0.62,19.21,0.2,18.26,0.05,,,,,,,,,,,,,vega,HST,"[NICMOS,ACS,WFPC2]",2007Castles,
MG1654+1346,0.25,1.74,253.674,13.7728,A,ima,2.249,0.006,2.018,0.006,19.12,0.02,21.24,0.19,20.18,0.03,,,20.6,0.06,,,,,,,,,vega,HST,"[NICMOS,ACS,WFPC2]",2007Castles,
MG1654+1346,0.25,1.74,253.674,13.7728,G,lens,0.0,1e-05,0.0,1e-05,15.83,0.04,19.72,0.03,17.9,0.02,,,18.55,0.01,,,,,,,,,vega,HST,"[NICMOS,ACS,WFPC2]",2007Castles,
MG1654+1346,0.25,1.74,253.674,13.7728,Star,source,-4.485,0.013,-2.452,0.007,15.88,0.02,17.71,0.13,16.63,0.01,,,16.9,0.01,,,,,,,,,vega,HST,"[NICMOS,ACS,WFPC2]",2007Castles,
PKS1830-211,0.89,2.51,278.416,-21.061,A,ima,0.0,1e-05,0.0,1e-05,16.94,0.01,,,22.29,0.06,,,,,,,15.43,0.01,,,,,vega,HST,"[NICMOS,ACS,WFPC2]",2007Castles,
PKS1830-211,0.89,2.51,278.416,-21.061,B,ima,-0.653,0.0,-0.721,0.0,22.43,0.32,,,26.69,0.13,,,,,,,19.43,0.07,,,,,vega,HST,"[NICMOS,ACS,WFPC2]",2007Castles,
PKS1830-211,0.89,2.51,278.416,-21.061,G,lens,-0.501,0.074,-0.445,0.079,18.58,0.37,,,21.42,0.1,,,,,,,17.4,0.07,,,,,vega,HST,"[NICMOS,ACS,WFPC2]",2007Castles,
PKS1830-211,0.89,2.51,278.416,-21.061,P,star,-0.315,0.006,-0.464,0.004,21.41,0.12,,,24.02,0.23,,,,,,,20.25,0.26,,,,,vega,HST,"[NICMOS,ACS,WFPC2]",2007Castles,
PKS1830-211,0.89,2.51,278.416,-21.061,S1,source,0.088,0.003,0.535,0.003,17.1,0.02,,,19.41,0.05,,,,,,,16.7,0.01,,,,,vega,HST,"[NICMOS,ACS,WFPC2]",2007Castles,
PMNJ1838-3427,,2.78,279.619,-34.4616,A,ima,0.0,1e-05,0.0,1e-05,17.35,0.04,19.82,0.13,19.15,0.05,,,,,,,,,,,,,vega,HST,"[NICMOS,ACS,WFPC2]",2007Castles,
PMNJ1838-3427,,2.78,279.619,-34.4616,B,ima,-0.097,0.003,-0.987,0.006,20.98,0.1,23.44,0.41,22.55,0.07,,,,,,,,,,,,,vega,HST,"[NICMOS,ACS,WFPC2]",2007Castles,
PMNJ1838-3427,,2.78,279.619,-34.4616,G,lens,-0.091,0.003,-0.904,0.003,18.96,0.06,23.47,0.5,21.22,0.04,,,,,,,,,,,,,vega,HST,"[NICMOS,ACS,WFPC2]",2007Castles,
PMNJ1838-3427,,2.78,279.619,-34.4616,G',lens,5.246,0.009,-1.193,0.01,17.57,0.66,,,,,,,,,,,,,,,,,vega,HST,"[NICMOS,ACS,WFPC2]",2007Castles,
B1933+503,0.76,2.63,293.629,50.4232,G,lens,0.0,1e-05,0.0,1e-05,17.11,0.0,,,20.24,0.06,,,,,,,,,,,,,vega,HST,"[NICMOS,ACS,WFPC2]",2007Castles,
B1933+503,0.76,2.63,293.629,50.4232,Source,source,0.034,0.173,0.139,0.108,20.01,0.0,,,23.55,0.41,,,,,,,,,,,,,vega,HST,"[NICMOS,ACS,WFPC2]",2007Castles,
B1938+666,0.881,2.059,294.605,66.8145,G,lens,0.0,1e-05,0.0,1e-05,18.67,0.08,24.45,0.84,21.46,0.07,,,,,,,,,,,,,vega,HST,"[NICMOS,ACS,WFPC2]",2007Castles,
B1938+666,0.881,2.059,294.605,66.8145,Source,source,-0.017,0.003,0.038,0.007,22.02,0.19,,,,,,,,,,,,,,,,,vega,HST,"[NICMOS,ACS,WFPC2]",2007Castles,
PMNJ2004-1349,,,301.029,-13.8252,A,ima,0.0,1e-05,0.0,1e-05,19.33,0.04,25.05,2.33,22.04,0.13,,,,,,,,,,,,,vega,HST,"[NICMOS,ACS,WFPC2]",2007Castles,
PMNJ2004-1349,,,301.029,-13.8252,B,ima,-0.984,0.003,-0.552,0.003,19.98,0.04,28.95,1.26,24.49,0.14,,,,,,,,,,,,,vega,HST,"[NICMOS,ACS,WFPC2]",2007Castles,
PMNJ2004-1349,,,301.029,-13.8252,G,lens,-0.767,0.003,-0.249,0.005,18.54,0.12,25.33,1.26,21.61,0.04,,,,,,,,,,,,,vega,HST,"[NICMOS,ACS,WFPC2]",2007Castles,
MG2016+112,1.01,3.27,304.826,11.4523,A,ima,0.0,1e-05,0.0,1e-05,20.48,0.05,22.92,0.28,22.45,0.04,,,,,,,,,,,,,vega,HST,"[NICMOS,ACS,WFPC2]",2007Castles,
MG2016+112,1.01,3.27,304.826,11.4523,B,ima,-3.004,0.004,-1.504,0.006,20.5,0.03,23.65,0.01,22.62,0.04,,,,,,,,,,,,,vega,HST,"[NICMOS,ACS,WFPC2]",2007Castles,
MG2016+112,1.01,3.27,304.826,11.4523,C,ima,-2.052,0.015,-3.248,0.007,20.21,0.04,24.44,0.71,23.15,0.04,,,,,,,,,,,,,vega,HST,"[NICMOS,ACS,WFPC2]",2007Castles,
MG2016+112,1.01,3.27,304.826,11.4523,G,lens,-1.735,0.003,-1.778,0.003,18.46,0.09,25.12,0.93,21.95,0.02,,,,,,,,,,,,,vega,HST,"[NICMOS,ACS,WFPC2]",2007Castles,
MG2016+112,1.01,3.27,304.826,11.4523,G1,lens,-2.494,0.028,-4.033,0.027,23.08,0.61,24.92,0.3,24.56,0.0,,,,,,,,,,,,,vega,HST,"[NICMOS,ACS,WFPC2]",2007Castles,
MG2016+112,1.01,3.27,304.826,11.4523,G2,lens,-5.744,0.008,1.763,0.009,20.54,0.09,,,24.76,0.18,,,,,,,,,,,,,vega,HST,"[NICMOS,ACS,WFPC2]",2007Castles,
MG2016+112,1.01,3.27,304.826,11.4523,G3,lens,3.753,0.011,-5.127,0.013,20.77,0.14,,,23.84,0.08,,,,,,,,,,,,,vega,HST,"[NICMOS,ACS,WFPC2]",2007Castles,
MG2016+112,1.01,3.27,304.826,11.4523,Star,source,0.79,0.015,-1.798,0.025,23.01,0.17,,,23.08,0.01,,,,,,,,,,,,,vega,HST,"[NICMOS,ACS,WFPC2]",2007Castles,
WFI2026-4536,,2.23,306.543,-45.6075,A1,ima,0.163,0.0,-1.428,0.0,15.64,0.01,,,,,,,,,,,,,,,,,vega,HST,"[NICMOS,ACS,WFPC2]",2007Castles,
WFI2026-4536,,2.23,306.543,-45.6075,A2,ima,0.416,0.003,-1.214,0.003,16.09,0.01,,,,,,,,,,,,,,,,,vega,HST,"[NICMOS,ACS,WFPC2]",2007Castles,
WFI2026-4536,,2.23,306.543,-45.6075,B,ima,0.0,1e-05,0.0,1e-05,17.11,0.01,,,,,,,,,,,,,,,,,vega,HST,"[NICMOS,ACS,WFPC2]",2007Castles,
WFI2026-4536,,2.23,306.543,-45.6075,C,ima,-0.572,0.003,-1.042,0.003,17.33,0.02,,,,,,,,,,,,,,,,,vega,HST,"[NICMOS,ACS,WFPC2]",2007Castles,
WFI2026-4536,,2.23,306.543,-45.6075,G,lens,-0.074,0.012,-0.798,0.008,18.8,0.43,,,,,,,,,,,,,,,,,vega,HST,"[NICMOS,ACS,WFPC2]",2007Castles,
WFI2033-4723,0.66,1.66,308.425,-47.3953,A1,ima,-2.196,0.003,1.261,0.003,17.22,0.02,19.24,0.03,18.15,0.05,,,,,,,,,,,,,vega,HST,"[NICMOS,ACS,WFPC2]",2007Castles,
WFI2033-4723,0.66,1.66,308.425,-47.3953,A2,ima,-1.482,0.003,1.376,0.003,17.6,0.02,19.26,0.09,18.65,0.13,,,,,,,,,,,,,vega,HST,"[NICMOS,ACS,WFPC2]",2007Castles,
WFI2033-4723,0.66,1.66,308.425,-47.3953,B,ima,0.0,1e-05,0.0,1e-05,17.85,0.02,19.24,0.04,18.63,0.14,,,,,,,,,,,,,vega,HST,"[NICMOS,ACS,WFPC2]",2007Castles,
WFI2033-4723,0.66,1.66,308.425,-47.3953,C,ima,-2.114,0.003,-0.277,0.003,17.9,0.02,19.53,0.02,18.82,0.03,,,,,,,,,,,,,vega,HST,"[NICMOS,ACS,WFPC2]",2007Castles,
WFI2033-4723,0.66,1.66,308.425,-47.3953,G,lens,-1.438,0.006,0.308,0.009,17.46,0.09,22.51,0.28,19.69,0.03,,,,,,,,,,,,,vega,HST,"[NICMOS,ACS,WFPC2]",2007Castles,
B2045+265,0.87,1.28,311.835,26.7337,A,ima,0.0,1e-05,0.0,1e-05,19.77,0.02,25.79,0.14,23.01,0.17,,,,,,,,,,,,,vega,HST,"[NICMOS,ACS,WFPC2]",2007Castles,
B2045+265,0.87,1.28,311.835,26.7337,B,ima,-0.136,0.003,-0.249,0.003,20.27,0.03,26.38,0.19,23.52,0.02,,,,,,,,,,,,,vega,HST,"[NICMOS,ACS,WFPC2]",2007Castles,
B2045+265,0.87,1.28,311.835,26.7337,C,ima,-0.288,0.003,-0.79,0.003,19.92,0.04,25.96,0.16,23.18,0.16,,,,,,,,,,,,,vega,HST,"[NICMOS,ACS,WFPC2]",2007Castles,
B2045+265,0.87,1.28,311.835,26.7337,G,lens,1.1,0.003,-0.811,0.004,18.35,0.08,23.62,0.1,21.06,0.02,,,,,,,,,,,,,vega,HST,"[NICMOS,ACS,WFPC2]",2007Castles,
B2045+265,0.87,1.28,311.835,26.7337,S,source,2.992,0.003,-1.479,0.004,19.52,0.02,24.88,0.1,21.74,0.02,,,,,,,,,,,,,vega,HST,"[NICMOS,ACS,WFPC2]",2007Castles,
B2108+213,,,317.725,21.5169,A,ima,0.0,1e-05,0.0,1e-05,19.28,0.04,22.43,0.03,21.18,0.03,,,,,,,,,,,,,vega,HST,"[NICMOS,ACS,WFPC2]",2007Castles,
B2108+213,,,317.725,21.5169,B,ima,2.133,0.011,-4.037,0.017,20.76,0.33,23.8,0.08,22.59,0.06,,,,,,,,,,,,,vega,HST,"[NICMOS,ACS,WFPC2]",2007Castles,
B2108+213,,,317.725,21.5169,G1,lens,1.426,0.005,-2.887,0.004,15.65,0.02,20.13,0.01,17.72,0.02,,,,,,,,,,,,,vega,HST,"[NICMOS,ACS,WFPC2]",2007Castles,
B2108+213,,,317.725,21.5169,G2,lens,1.271,0.004,-1.79,0.003,18.32,0.04,22.9,0.04,20.52,0.03,,,,,,,,,,,,,vega,HST,"[NICMOS,ACS,WFPC2]",2007Castles,
B2114+022,0.32,0.59,319.211,2.42969,G,lens,0.0,1e-05,0.0,1e-05,16.37,0.11,20.22,0.01,18.63,0.01,,,,,,,,,,,,,vega,HST,"[NICMOS,ACS,WFPC2]",2007Castles,
B2114+022,0.32,0.59,319.211,2.42969,G',lens,0.137,0.004,1.3,0.003,16.62,0.18,21.73,0.0,19.11,0.01,,,,,,,,,,,,,vega,HST,"[NICMOS,ACS,WFPC2]",2007Castles,
HE2149-2745,0.50,2.03,328.031,-27.5306,A,ima,0.0,1e-05,0.0,1e-05,15.67,0.03,16.97,0.03,16.52,0.01,,,,,,,,,,,,,vega,HST,"[NICMOS,ACS,WFPC2]",2007Castles,
HE2149-2745,0.50,2.03,328.031,-27.5306,B,ima,0.89,0.003,1.446,0.003,17.23,0.03,18.67,0.07,18.08,0.02,,,,,,,,,,,,,vega,HST,"[NICMOS,ACS,WFPC2]",2007Castles,
HE2149-2745,0.50,2.03,328.031,-27.5306,G,lens,0.714,0.007,1.15,0.005,17.61,0.1,21.18,0.09,19.56,0.02,,,,,,,,,,,,,vega,HST,"[NICMOS,ACS,WFPC2]",2007Castles,
Q2237+030,0.04,1.69,340.126,3.358,A,ima,0.0,1e-05,0.0,1e-05,14.96,0.06,17.35,0.07,15.92,0.01,,,16.41,0.02,,,14.43,0.03,,,,,vega,HST,"[NICMOS,ACS,WFPC2]",2007Castles,
Q2237+030,0.04,1.69,340.126,3.358,B,ima,-0.673,0.003,1.697,0.003,15.46,0.01,17.47,0.1,17.21,0.07,,,17.86,0.01,,,14.96,0.01,,,,,vega,HST,"[NICMOS,ACS,WFPC2]",2007Castles,
Q2237+030,0.04,1.69,340.126,3.358,C,ima,0.635,0.003,1.21,0.003,15.71,0.01,18.56,0.1,16.77,0.11,,,17.4,0.01,,,15.21,0.02,,,,,vega,HST,"[NICMOS,ACS,WFPC2]",2007Castles,
Q2237+030,0.04,1.69,340.126,3.358,D,ima,-0.866,0.003,0.528,0.003,16.0,0.03,19.01,0.12,17.39,0.02,,,18.04,0.02,,,15.44,0.02,,,,,vega,HST,"[NICMOS,ACS,WFPC2]",2007Castles,
Q2237+030,0.04,1.69,340.126,3.358,G,lens,-0.075,0.004,0.939,0.003,12.22,0.03,15.49,0.01,14.15,0.0,,,14.66,0.01,,,11.88,0.01,,,,,vega,HST,"[NICMOS,ACS,WFPC2]",2007Castles,
B2319+052,0.62,,350.42,5.46011,G,lens,0.0,1e-05,0.0,1e-05,18.2,0.08,23.43,0.02,20.71,0.77,,,,,,,,,,,,,vega,HST,"[NICMOS,ACS,WFPC2]",2007Castles,
PSS2322+1944,,4.12,350.53,19.7397,A,ima,0.0,1e-05,0.0,1e-05,17.1,0.02,19.56,0.01,18.07,0.01,,,,,,,,,,,,,vega,HST,"[NICMOS,ACS,WFPC2]",2007Castles,
PSS2322+1944,,4.12,350.53,19.7397,B,ima,0.35,0.003,-1.453,0.003,18.92,0.03,21.68,0.06,20.12,0.04,,,,,,,,,,,,,vega,HST,"[NICMOS,ACS,WFPC2]",2007Castles,
PSS2322+1944,,4.12,350.53,19.7397,G,lens,0.254,0.003,-1.008,0.003,18.93,0.16,25.92,0.88,21.91,0.17,,,,,,,,,,,,,vega,HST,"[NICMOS,ACS,WFPC2]",2007Castles,
